Entity,Code,Year,World Happiness Report(Cantril Ladder [0=worst; 10=best])
Afghanistan,AFG,2008,3.723589897
Afghanistan,AFG,2009,4.401778221
Afghanistan,AFG,2010,4.75838089
Afghanistan,AFG,2011,3.83171916
Afghanistan,AFG,2012,3.782937527
Afghanistan,AFG,2013,3.572100401
Afghanistan,AFG,2014,3.130895615
Afghanistan,AFG,2015,3.982854605
Afghanistan,AFG,2016,4.220168591
Afghanistan,AFG,2017,2.66171813
Afghanistan,AFG,2018,2.694303274
Albania,ALB,2007,4.634251595
Albania,ALB,2009,5.485469818
Albania,ALB,2010,5.268936634
Albania,ALB,2011,5.867421627
Albania,ALB,2012,5.510124207
Albania,ALB,2013,4.550647736
Albania,ALB,2014,4.813763142
Albania,ALB,2015,4.606650829
Albania,ALB,2016,4.511100769
Albania,ALB,2017,4.639548302
Albania,ALB,2018,5.004402637
Algeria,DZA,2010,5.46356678
Algeria,DZA,2011,5.317194462
Algeria,DZA,2012,5.604595661
Algeria,DZA,2014,6.354898453
Algeria,DZA,2016,5.340853691
Algeria,DZA,2017,5.248912334
Algeria,DZA,2018,5.043086052
Angola,AGO,2011,5.589000702
Angola,AGO,2012,4.360249996
Angola,AGO,2013,3.937106848
Angola,AGO,2014,3.794837952
Argentina,ARG,2006,6.312925339
Argentina,ARG,2007,6.073158264
Argentina,ARG,2008,5.961034298
Argentina,ARG,2009,6.424133301
Argentina,ARG,2010,6.441067219
Argentina,ARG,2011,6.775805473
Argentina,ARG,2012,6.468387127
Argentina,ARG,2013,6.582260132
Argentina,ARG,2014,6.671114445
Argentina,ARG,2015,6.69713068
Argentina,ARG,2016,6.427221298
Argentina,ARG,2017,6.039330006
Argentina,ARG,2018,5.792796612
Armenia,ARM,2006,4.289310932
Armenia,ARM,2007,4.881515503
Armenia,ARM,2008,4.651972294
Armenia,ARM,2009,4.177581787
Armenia,ARM,2010,4.367811203
Armenia,ARM,2011,4.260491371
Armenia,ARM,2012,4.319711685
Armenia,ARM,2013,4.277191162
Armenia,ARM,2014,4.453083038
Armenia,ARM,2015,4.34831953
Armenia,ARM,2016,4.325471878
Armenia,ARM,2017,4.287736416
Armenia,ARM,2018,5.062448502
Australia,AUS,2005,7.340688229
Australia,AUS,2007,7.285390854
Australia,AUS,2008,7.253757477
Australia,AUS,2010,7.450047016
Australia,AUS,2011,7.405616283
Australia,AUS,2012,7.195585728
Australia,AUS,2013,7.364169121
Australia,AUS,2014,7.288550377
Australia,AUS,2015,7.309060574
Australia,AUS,2016,7.250080109
Australia,AUS,2017,7.25703764
Australia,AUS,2018,7.17699337
Austria,AUT,2006,7.122211456
Austria,AUT,2008,7.180953979
Austria,AUT,2010,7.302678585
Austria,AUT,2011,7.470512867
Austria,AUT,2012,7.400688648
Austria,AUT,2013,7.498802662
Austria,AUT,2014,6.949999809
Austria,AUT,2015,7.07644701
Austria,AUT,2016,7.048071861
Austria,AUT,2017,7.293727875
Austria,AUT,2018,7.396001816
Azerbaijan,AZE,2006,4.727870941
Azerbaijan,AZE,2007,4.56815958
Azerbaijan,AZE,2008,4.817189217
Azerbaijan,AZE,2009,4.573725224
Azerbaijan,AZE,2010,4.218610764
Azerbaijan,AZE,2011,4.680469513
Azerbaijan,AZE,2012,4.910771847
Azerbaijan,AZE,2013,5.481178284
Azerbaijan,AZE,2014,5.25153017
Azerbaijan,AZE,2015,5.146774769
Azerbaijan,AZE,2016,5.303894997
Azerbaijan,AZE,2017,5.152279377
Azerbaijan,AZE,2018,5.167995453
Bahrain,BHR,2009,5.700523376
Bahrain,BHR,2010,5.936869144
Bahrain,BHR,2011,4.82397604
Bahrain,BHR,2012,5.027186871
Bahrain,BHR,2013,6.689711094
Bahrain,BHR,2014,6.165133953
Bahrain,BHR,2015,6.00737524
Bahrain,BHR,2016,6.169673443
Bahrain,BHR,2017,6.227320671
Bangladesh,BGD,2006,4.318909168
Bangladesh,BGD,2007,4.607322216
Bangladesh,BGD,2008,5.052278519
Bangladesh,BGD,2009,5.08285141
Bangladesh,BGD,2010,4.858481407
Bangladesh,BGD,2011,4.985649109
Bangladesh,BGD,2012,4.724443913
Bangladesh,BGD,2013,4.660161018
Bangladesh,BGD,2014,4.635564804
Bangladesh,BGD,2015,4.633473873
Bangladesh,BGD,2016,4.5561409
Bangladesh,BGD,2017,4.309771061
Bangladesh,BGD,2018,4.499217033
Belarus,BLR,2006,5.657649994
Belarus,BLR,2007,5.616976261
Belarus,BLR,2008,5.463332176
Belarus,BLR,2009,5.56413126
Belarus,BLR,2010,5.525923252
Belarus,BLR,2011,5.225307941
Belarus,BLR,2012,5.749043465
Belarus,BLR,2013,5.876466274
Belarus,BLR,2014,5.812400818
Belarus,BLR,2015,5.718907833
Belarus,BLR,2016,5.177899361
Belarus,BLR,2017,5.552915096
Belarus,BLR,2018,5.233769894
Belgium,BEL,2005,7.262290478
Belgium,BEL,2007,7.218839645
Belgium,BEL,2008,7.116590977
Belgium,BEL,2010,6.853514194
Belgium,BEL,2011,7.111363888
Belgium,BEL,2012,6.935122013
Belgium,BEL,2013,7.10366106
Belgium,BEL,2014,6.855329037
Belgium,BEL,2015,6.904219151
Belgium,BEL,2016,6.948936462
Belgium,BEL,2017,6.928347588
Belgium,BEL,2018,6.89217186
Belize,BLZ,2007,6.450644493
Belize,BLZ,2014,5.955646515
Benin,BEN,2006,3.329801559
Benin,BEN,2008,3.66713953
Benin,BEN,2011,3.870279551
Benin,BEN,2012,3.193468809
Benin,BEN,2013,3.479412794
Benin,BEN,2014,3.347419262
Benin,BEN,2015,3.624664307
Benin,BEN,2016,4.007357597
Benin,BEN,2017,4.853180885
Benin,BEN,2018,5.81982708
Bhutan,BTN,2013,5.569091797
Bhutan,BTN,2014,4.938578129
Bhutan,BTN,2015,5.082128525
Bolivia,BOL,2006,5.373986244
Bolivia,BOL,2007,5.628419399
Bolivia,BOL,2008,5.297872543
Bolivia,BOL,2009,6.085579395
Bolivia,BOL,2010,5.780620098
Bolivia,BOL,2011,5.778874397
Bolivia,BOL,2012,6.018894672
Bolivia,BOL,2013,5.767428875
Bolivia,BOL,2014,5.864798546
Bolivia,BOL,2015,5.834329128
Bolivia,BOL,2016,5.769723415
Bolivia,BOL,2017,5.65055275
Bolivia,BOL,2018,5.915734291
Bosnia and Herzegovina,BIH,2007,4.899806976
Bosnia and Herzegovina,BIH,2009,4.963477135
Bosnia and Herzegovina,BIH,2010,4.66851759
Bosnia and Herzegovina,BIH,2011,4.994670868
Bosnia and Herzegovina,BIH,2012,4.773144722
Bosnia and Herzegovina,BIH,2013,5.123664379
Bosnia and Herzegovina,BIH,2014,5.248954296
Bosnia and Herzegovina,BIH,2015,5.117177963
Bosnia and Herzegovina,BIH,2016,5.180865288
Bosnia and Herzegovina,BIH,2017,5.089902401
Bosnia and Herzegovina,BIH,2018,5.887401104
Botswana,BWA,2006,4.739367008
Botswana,BWA,2008,5.451147079
Botswana,BWA,2010,3.553020239
Botswana,BWA,2011,3.519921064
Botswana,BWA,2012,4.835938931
Botswana,BWA,2013,4.128298759
Botswana,BWA,2014,4.031197071
Botswana,BWA,2015,3.761964798
Botswana,BWA,2016,3.498936653
Botswana,BWA,2017,3.504881144
Botswana,BWA,2018,3.4613657
Brazil,BRA,2005,6.636771202
Brazil,BRA,2007,6.320672989
Brazil,BRA,2008,6.691424847
Brazil,BRA,2009,7.000831604
Brazil,BRA,2010,6.837331295
Brazil,BRA,2011,7.037816525
Brazil,BRA,2012,6.660003662
Brazil,BRA,2013,7.140282631
Brazil,BRA,2014,6.980998993
Brazil,BRA,2015,6.546896935
Brazil,BRA,2016,6.374817371
Brazil,BRA,2017,6.332929134
Brazil,BRA,2018,6.190921783
Bulgaria,BGR,2007,3.843797922
Bulgaria,BGR,2010,3.912276268
Bulgaria,BGR,2011,3.875382423
Bulgaria,BGR,2012,4.222297192
Bulgaria,BGR,2013,3.993020535
Bulgaria,BGR,2014,4.438439846
Bulgaria,BGR,2015,4.865401268
Bulgaria,BGR,2016,4.837560654
Bulgaria,BGR,2017,5.096901894
Bulgaria,BGR,2018,5.098813534
Burkina Faso,BFA,2006,3.801490784
Burkina Faso,BFA,2007,4.017130375
Burkina Faso,BFA,2008,3.846438885
Burkina Faso,BFA,2010,4.035560608
Burkina Faso,BFA,2011,4.785367489
Burkina Faso,BFA,2012,3.95500803
Burkina Faso,BFA,2013,3.325949669
Burkina Faso,BFA,2014,3.481347799
Burkina Faso,BFA,2015,4.418930054
Burkina Faso,BFA,2016,4.205634594
Burkina Faso,BFA,2017,4.646891117
Burkina Faso,BFA,2018,4.92723608
Burundi,BDI,2008,3.563227654
Burundi,BDI,2009,3.791680813
Burundi,BDI,2011,3.705894232
Burundi,BDI,2014,2.904535055
Burundi,BDI,2018,3.775283098
Cambodia,KHM,2006,3.568744659
Cambodia,KHM,2007,4.15597105
Cambodia,KHM,2008,4.462163925
Cambodia,KHM,2009,4.110625744
Cambodia,KHM,2010,4.141072273
Cambodia,KHM,2011,4.161225319
Cambodia,KHM,2012,3.898706913
Cambodia,KHM,2013,3.674466848
Cambodia,KHM,2014,3.88330555
Cambodia,KHM,2015,4.162164688
Cambodia,KHM,2016,4.461259365
Cambodia,KHM,2017,4.585842133
Cambodia,KHM,2018,5.121837616
Cameroon,CMR,2006,3.851072073
Cameroon,CMR,2007,4.349939346
Cameroon,CMR,2008,4.291800499
Cameroon,CMR,2009,4.741408348
Cameroon,CMR,2010,4.554256916
Cameroon,CMR,2011,4.433885098
Cameroon,CMR,2012,4.244634151
Cameroon,CMR,2013,4.271038055
Cameroon,CMR,2014,4.240441322
Cameroon,CMR,2015,5.037964821
Cameroon,CMR,2016,4.816232204
Cameroon,CMR,2017,5.07405138
Cameroon,CMR,2018,5.250737667
Canada,CAN,2005,7.418048382
Canada,CAN,2007,7.481752872
Canada,CAN,2008,7.485603809
Canada,CAN,2009,7.48782444
Canada,CAN,2010,7.650346279
Canada,CAN,2011,7.426053524
Canada,CAN,2012,7.415144444
Canada,CAN,2013,7.593793869
Canada,CAN,2014,7.30425787
Canada,CAN,2015,7.412772655
Canada,CAN,2016,7.244845867
Canada,CAN,2017,7.414868355
Canada,CAN,2018,7.175496578
Central African Republic,CAF,2007,4.160129547
Central African Republic,CAF,2010,3.567892551
Central African Republic,CAF,2011,3.677826405
Central African Republic,CAF,2016,2.693061113
Central African Republic,CAF,2017,3.475862026
Chad,TCD,2006,3.434800625
Chad,TCD,2007,4.141326904
Chad,TCD,2008,4.632468224
Chad,TCD,2009,3.639445066
Chad,TCD,2010,3.742871046
Chad,TCD,2011,4.393482208
Chad,TCD,2012,4.03297472
Chad,TCD,2013,3.507663012
Chad,TCD,2014,3.460182905
Chad,TCD,2015,4.322675228
Chad,TCD,2016,4.029350281
Chad,TCD,2017,4.558937073
Chad,TCD,2018,4.486325264
Chile,CHL,2006,6.062851906
Chile,CHL,2007,5.697929859
Chile,CHL,2008,5.789438725
Chile,CHL,2009,6.493686199
Chile,CHL,2010,6.63565588
Chile,CHL,2011,6.526334763
Chile,CHL,2012,6.599128723
Chile,CHL,2013,6.74015379
Chile,CHL,2014,6.844238281
Chile,CHL,2015,6.532749653
Chile,CHL,2016,6.579056263
Chile,CHL,2017,6.320119381
Chile,CHL,2018,6.436220646
China,CHN,2006,4.560495377
China,CHN,2007,4.86286211
China,CHN,2008,4.84629488
China,CHN,2009,4.454360962
China,CHN,2010,4.652736664
China,CHN,2011,5.037207603
China,CHN,2012,5.094917297
China,CHN,2013,5.241090298
China,CHN,2014,5.195619106
China,CHN,2015,5.303877831
China,CHN,2016,5.32495594
China,CHN,2017,5.099061489
China,CHN,2018,5.131433964
Colombia,COL,2006,6.024942875
Colombia,COL,2007,6.138411522
Colombia,COL,2008,6.168395042
Colombia,COL,2009,6.271604538
Colombia,COL,2010,6.40811348
Colombia,COL,2011,6.463952541
Colombia,COL,2012,6.374879837
Colombia,COL,2013,6.606550694
Colombia,COL,2014,6.44878912
Colombia,COL,2015,6.387571812
Colombia,COL,2016,6.233715057
Colombia,COL,2017,6.157341957
Colombia,COL,2018,5.983512402
Comoros,COM,2009,3.47602725
Comoros,COM,2010,3.81219101
Comoros,COM,2011,3.838485956
Comoros,COM,2012,3.955640316
Comoros,COM,2018,3.972819567
Congo,COG,2008,3.819792271
Congo,COG,2011,4.509824276
Congo,COG,2012,3.919341803
Congo,COG,2013,3.954950571
Congo,COG,2014,4.05601263
Congo,COG,2015,4.690830231
Congo,COG,2016,4.119493484
Congo,COG,2017,4.883991241
Congo,COG,2018,5.490214348
Costa Rica,CRI,2006,7.082465172
Costa Rica,CRI,2007,7.432132244
Costa Rica,CRI,2008,6.850679874
Costa Rica,CRI,2009,7.614928722
Costa Rica,CRI,2010,7.271053791
Costa Rica,CRI,2011,7.228888512
Costa Rica,CRI,2012,7.272250175
Costa Rica,CRI,2013,7.158000469
Costa Rica,CRI,2014,7.247086048
Costa Rica,CRI,2015,6.854004383
Costa Rica,CRI,2016,7.135617733
Costa Rica,CRI,2017,7.22518158
Costa Rica,CRI,2018,7.141074657
Cote d'Ivoire,CIV,2009,4.197181702
Cote d'Ivoire,CIV,2013,3.739365578
Cote d'Ivoire,CIV,2014,3.570368528
Cote d'Ivoire,CIV,2015,4.445038795
Cote d'Ivoire,CIV,2016,4.542545795
Cote d'Ivoire,CIV,2017,5.037734985
Cote d'Ivoire,CIV,2018,5.26837492
Croatia,HRV,2007,5.820907593
Croatia,HRV,2009,5.433319569
Croatia,HRV,2010,5.595575333
Croatia,HRV,2011,5.385372639
Croatia,HRV,2012,6.027634621
Croatia,HRV,2013,5.885462761
Croatia,HRV,2014,5.380692482
Croatia,HRV,2015,5.205438137
Croatia,HRV,2016,5.416875362
Croatia,HRV,2017,5.343165874
Croatia,HRV,2018,5.536271095
Cuba,CUB,2006,5.417868614
Cyprus,CYP,2006,6.237958431
Cyprus,CYP,2009,6.833477497
Cyprus,CYP,2010,6.386546135
Cyprus,CYP,2011,6.689608574
Cyprus,CYP,2012,6.180507183
Cyprus,CYP,2013,5.438952446
Cyprus,CYP,2014,5.627123833
Cyprus,CYP,2015,5.439161301
Cyprus,CYP,2016,5.794618607
Cyprus,CYP,2017,6.062051296
Cyprus,CYP,2018,6.276443005
Czech Republic,CZE,2005,6.439256668
Czech Republic,CZE,2007,6.500194073
Czech Republic,CZE,2010,6.249617577
Czech Republic,CZE,2011,6.331490993
Czech Republic,CZE,2012,6.334149361
Czech Republic,CZE,2013,6.697655678
Czech Republic,CZE,2014,6.483729839
Czech Republic,CZE,2015,6.608017445
Czech Republic,CZE,2016,6.735627174
Czech Republic,CZE,2017,6.789567947
Czech Republic,CZE,2018,7.034165382
Democratic Republic of Congo,COD,2009,3.983848572
Democratic Republic of Congo,COD,2011,4.516963959
Democratic Republic of Congo,COD,2012,4.63922739
Democratic Republic of Congo,COD,2013,4.497477055
Democratic Republic of Congo,COD,2014,4.414299965
Democratic Republic of Congo,COD,2015,3.902741671
Democratic Republic of Congo,COD,2016,4.521935463
Democratic Republic of Congo,COD,2017,4.311033249
Denmark,DNK,2005,8.01893425
Denmark,DNK,2007,7.834233284
Denmark,DNK,2008,7.970891953
Denmark,DNK,2009,7.683358669
Denmark,DNK,2010,7.770515442
Denmark,DNK,2011,7.78823185
Denmark,DNK,2012,7.519909382
Denmark,DNK,2013,7.588606834
Denmark,DNK,2014,7.507559299
Denmark,DNK,2015,7.514424801
Denmark,DNK,2016,7.55778265
Denmark,DNK,2017,7.593702316
Denmark,DNK,2018,7.648785591
Djibouti,DJI,2008,5.009330273
Djibouti,DJI,2009,4.905925274
Djibouti,DJI,2010,5.005810738
Djibouti,DJI,2011,4.369193554
Dominican Republic,DOM,2006,5.087967873
Dominican Republic,DOM,2007,5.081305981
Dominican Republic,DOM,2008,4.84230566
Dominican Republic,DOM,2009,5.431613922
Dominican Republic,DOM,2010,4.735021114
Dominican Republic,DOM,2011,5.396535397
Dominican Republic,DOM,2012,4.753311157
Dominican Republic,DOM,2013,5.015515327
Dominican Republic,DOM,2014,5.387331963
Dominican Republic,DOM,2015,5.061862469
Dominican Republic,DOM,2016,5.238698483
Dominican Republic,DOM,2017,5.605202675
Dominican Republic,DOM,2018,5.433215618
Ecuador,ECU,2006,5.02419138
Ecuador,ECU,2007,4.995875359
Ecuador,ECU,2008,5.296513081
Ecuador,ECU,2009,6.021803379
Ecuador,ECU,2010,5.838051319
Ecuador,ECU,2011,5.795088291
Ecuador,ECU,2012,5.960716248
Ecuador,ECU,2013,6.019206047
Ecuador,ECU,2014,5.945851803
Ecuador,ECU,2015,5.964075089
Ecuador,ECU,2016,6.115437508
Ecuador,ECU,2017,5.839518547
Ecuador,ECU,2018,6.128010273
Egypt,EGY,2005,5.167754173
Egypt,EGY,2007,5.540510654
Egypt,EGY,2008,4.631741047
Egypt,EGY,2009,5.066164494
Egypt,EGY,2010,4.668916225
Egypt,EGY,2011,4.174158573
Egypt,EGY,2012,4.204156876
Egypt,EGY,2013,3.558520317
Egypt,EGY,2014,4.885072708
Egypt,EGY,2015,4.762538433
Egypt,EGY,2016,4.556740761
Egypt,EGY,2017,3.929344177
Egypt,EGY,2018,4.005450726
El Salvador,SLV,2006,5.700929642
El Salvador,SLV,2007,5.295535088
El Salvador,SLV,2008,5.191493988
El Salvador,SLV,2009,6.839087009
El Salvador,SLV,2010,6.739911079
El Salvador,SLV,2011,4.741294861
El Salvador,SLV,2012,5.934371471
El Salvador,SLV,2013,6.325063229
El Salvador,SLV,2014,5.856523514
El Salvador,SLV,2015,6.018496037
El Salvador,SLV,2016,6.139824867
El Salvador,SLV,2017,6.339318275
El Salvador,SLV,2018,6.276246071
Estonia,EST,2006,5.371054649
Estonia,EST,2007,5.332044125
Estonia,EST,2008,5.451937675
Estonia,EST,2009,5.137738705
Estonia,EST,2011,5.486819744
Estonia,EST,2012,5.363927841
Estonia,EST,2013,5.367445946
Estonia,EST,2014,5.55598259
Estonia,EST,2015,5.628908634
Estonia,EST,2016,5.649675369
Estonia,EST,2017,5.938395977
Estonia,EST,2018,6.091302395
Ethiopia,ETH,2012,4.561168671
Ethiopia,ETH,2013,4.44482708
Ethiopia,ETH,2014,4.506646633
Ethiopia,ETH,2015,4.573154926
Ethiopia,ETH,2016,4.297848701
Ethiopia,ETH,2017,4.180315495
Ethiopia,ETH,2018,4.379262447
Finland,FIN,2006,7.672449112
Finland,FIN,2008,7.67062664
Finland,FIN,2010,7.393264294
Finland,FIN,2011,7.354225159
Finland,FIN,2012,7.420209408
Finland,FIN,2013,7.444635868
Finland,FIN,2014,7.384571075
Finland,FIN,2015,7.447925568
Finland,FIN,2016,7.659843445
Finland,FIN,2017,7.788251877
Finland,FIN,2018,7.85810709
France,FRA,2005,7.093392849
France,FRA,2006,6.582700253
France,FRA,2008,7.008064747
France,FRA,2009,6.283498287
France,FRA,2010,6.797901154
France,FRA,2011,6.959185123
France,FRA,2012,6.649365425
France,FRA,2013,6.66712141
France,FRA,2014,6.466867924
France,FRA,2015,6.357625008
France,FRA,2016,6.475208759
France,FRA,2017,6.635222435
France,FRA,2018,6.665903568
Gabon,GAB,2011,4.255400658
Gabon,GAB,2012,3.97205925
Gabon,GAB,2013,3.800287008
Gabon,GAB,2014,3.918073177
Gabon,GAB,2015,4.66101265
Gabon,GAB,2016,4.831764221
Gabon,GAB,2017,4.782382965
Gabon,GAB,2018,4.783009052
Gambia,GMB,2017,4.117938995
Gambia,GMB,2018,4.922099113
Georgia,GEO,2006,3.675108433
Georgia,GEO,2007,3.707194567
Georgia,GEO,2008,4.15609026
Georgia,GEO,2009,3.800639153
Georgia,GEO,2010,4.101837158
Georgia,GEO,2011,4.203030586
Georgia,GEO,2012,4.254445553
Georgia,GEO,2013,4.348920822
Georgia,GEO,2014,4.287508011
Georgia,GEO,2015,4.121940613
Georgia,GEO,2016,4.448386192
Georgia,GEO,2017,4.45077467
Georgia,GEO,2018,4.659097195
Germany,DEU,2005,6.619549751
Germany,DEU,2007,6.416819572
Germany,DEU,2008,6.521790028
Germany,DEU,2009,6.64149332
Germany,DEU,2010,6.724531174
Germany,DEU,2011,6.621312141
Germany,DEU,2012,6.702362061
Germany,DEU,2013,6.965125084
Germany,DEU,2014,6.984214306
Germany,DEU,2015,7.037137508
Germany,DEU,2016,6.873763084
Germany,DEU,2017,7.074324608
Germany,DEU,2018,7.118364334
Ghana,GHA,2006,4.535019875
Ghana,GHA,2007,5.220148087
Ghana,GHA,2008,4.965134621
Ghana,GHA,2009,4.197695732
Ghana,GHA,2010,4.606251717
Ghana,GHA,2011,5.608199596
Ghana,GHA,2012,5.057261944
Ghana,GHA,2013,4.965053082
Ghana,GHA,2014,3.860351086
Ghana,GHA,2015,3.985916138
Ghana,GHA,2016,4.514411449
Ghana,GHA,2017,5.481310844
Greece,GRC,2005,6.006309986
Greece,GRC,2007,6.646961212
Greece,GRC,2009,6.038574696
Greece,GRC,2010,5.839558601
Greece,GRC,2011,5.372039795
Greece,GRC,2012,5.096354008
Greece,GRC,2013,4.720251083
Greece,GRC,2014,4.75623703
Greece,GRC,2015,5.622519016
Greece,GRC,2016,5.302619457
Greece,GRC,2017,5.14824152
Greece,GRC,2018,5.40928936
Guatemala,GTM,2006,5.901429176
Guatemala,GTM,2007,6.329581261
Guatemala,GTM,2008,6.414494514
Guatemala,GTM,2009,6.451916218
Guatemala,GTM,2010,6.289748669
Guatemala,GTM,2011,5.743353844
Guatemala,GTM,2012,5.855717182
Guatemala,GTM,2013,5.984601498
Guatemala,GTM,2014,6.536030769
Guatemala,GTM,2015,6.464986801
Guatemala,GTM,2016,6.358916283
Guatemala,GTM,2017,6.325118542
Guatemala,GTM,2018,6.626591682
Guinea,GIN,2011,4.044569492
Guinea,GIN,2012,3.651554823
Guinea,GIN,2013,3.901793003
Guinea,GIN,2014,3.4124825
Guinea,GIN,2015,3.504693508
Guinea,GIN,2016,3.602854729
Guinea,GIN,2017,4.873722553
Guinea,GIN,2018,5.25222683
Guyana,GUY,2007,5.992826462
Haiti,HTI,2006,3.754156113
Haiti,HTI,2008,3.846329212
Haiti,HTI,2010,3.76599884
Haiti,HTI,2011,4.844573975
Haiti,HTI,2012,4.413475037
Haiti,HTI,2013,4.62196207
Haiti,HTI,2014,3.888778448
Haiti,HTI,2015,3.569762468
Haiti,HTI,2016,3.352300167
Haiti,HTI,2017,3.823865652
Haiti,HTI,2018,3.614928007
Honduras,HND,2006,5.396519661
Honduras,HND,2007,5.09715414
Honduras,HND,2008,5.420331001
Honduras,HND,2009,6.033189297
Honduras,HND,2010,5.866131306
Honduras,HND,2011,4.961031437
Honduras,HND,2012,4.602218151
Honduras,HND,2013,4.713358402
Honduras,HND,2014,5.055726051
Honduras,HND,2015,4.845436573
Honduras,HND,2016,5.648154736
Honduras,HND,2017,6.019985676
Honduras,HND,2018,5.908423901
Hong Kong,HKG,2006,5.511187077
Hong Kong,HKG,2008,5.137261868
Hong Kong,HKG,2009,5.397055626
Hong Kong,HKG,2010,5.642834663
Hong Kong,HKG,2011,5.474010944
Hong Kong,HKG,2012,5.483764648
Hong Kong,HKG,2014,5.458050728
Hong Kong,HKG,2016,5.498420715
Hong Kong,HKG,2017,5.362474918
Hungary,HUN,2005,5.193933487
Hungary,HUN,2007,4.953917027
Hungary,HUN,2009,4.894600391
Hungary,HUN,2010,4.725132465
Hungary,HUN,2011,4.917602539
Hungary,HUN,2012,4.683358192
Hungary,HUN,2013,4.914466858
Hungary,HUN,2014,5.18056345
Hungary,HUN,2015,5.34438324
Hungary,HUN,2016,5.448901653
Hungary,HUN,2017,6.065038681
Iceland,ISL,2008,6.888284206
Iceland,ISL,2012,7.590660095
Iceland,ISL,2013,7.501394272
Iceland,ISL,2015,7.498070717
Iceland,ISL,2016,7.510034561
Iceland,ISL,2017,7.476213932
India,IND,2006,5.348258972
India,IND,2007,5.02679348
India,IND,2008,5.145833015
India,IND,2009,4.521517754
India,IND,2010,4.989277363
India,IND,2011,4.634871483
India,IND,2012,4.720146656
India,IND,2013,4.427788734
India,IND,2014,4.424379349
India,IND,2015,4.342079163
India,IND,2016,4.179177284
India,IND,2017,4.046111107
India,IND,2018,3.818068743
Indonesia,IDN,2006,4.946978092
Indonesia,IDN,2007,5.101213932
Indonesia,IDN,2008,4.815309525
Indonesia,IDN,2009,5.472361088
Indonesia,IDN,2010,5.457299232
Indonesia,IDN,2011,5.172608376
Indonesia,IDN,2012,5.36777401
Indonesia,IDN,2013,5.292237759
Indonesia,IDN,2014,5.597375393
Indonesia,IDN,2015,5.04279995
Indonesia,IDN,2016,5.136325359
Indonesia,IDN,2017,5.098401546
Indonesia,IDN,2018,5.340295792
Iran,IRN,2005,5.308190346
Iran,IRN,2007,5.336371422
Iran,IRN,2008,5.128988266
Iran,IRN,2011,4.767507076
Iran,IRN,2012,4.608927727
Iran,IRN,2013,5.139579296
Iran,IRN,2014,4.682224274
Iran,IRN,2015,4.749955654
Iran,IRN,2016,4.652730942
Iran,IRN,2017,4.716783047
Iran,IRN,2018,4.278117657
Iraq,IRQ,2008,4.589844704
Iraq,IRQ,2009,4.775316715
Iraq,IRQ,2010,5.065462112
Iraq,IRQ,2011,4.725366116
Iraq,IRQ,2012,4.659508705
Iraq,IRQ,2013,4.725017071
Iraq,IRQ,2014,4.541502476
Iraq,IRQ,2015,4.493377209
Iraq,IRQ,2016,4.412537098
Iraq,IRQ,2017,4.462399006
Ireland,IRL,2006,7.144246578
Ireland,IRL,2008,7.568029881
Ireland,IRL,2009,7.045911312
Ireland,IRL,2010,7.257389545
Ireland,IRL,2011,7.006904125
Ireland,IRL,2012,6.964645386
Ireland,IRL,2013,6.760085106
Ireland,IRL,2014,7.018379211
Ireland,IRL,2015,6.830125332
Ireland,IRL,2016,7.04073143
Ireland,IRL,2017,7.060155392
Ireland,IRL,2018,6.962335587
Israel,ISR,2006,7.173417091
Israel,ISR,2007,6.841114998
Israel,ISR,2008,7.261261463
Israel,ISR,2009,7.352979183
Israel,ISR,2010,7.358916283
Israel,ISR,2011,7.433147907
Israel,ISR,2012,7.110854626
Israel,ISR,2013,7.320563316
Israel,ISR,2014,7.400570393
Israel,ISR,2015,7.07941103
Israel,ISR,2016,7.159010887
Israel,ISR,2017,7.331036091
Israel,ISR,2018,6.92717886
Italy,ITA,2005,6.853783607
Italy,ITA,2007,6.574412346
Italy,ITA,2008,6.779774189
Italy,ITA,2009,6.333800316
Italy,ITA,2010,6.354238033
Italy,ITA,2011,6.057086468
Italy,ITA,2012,5.839313984
Italy,ITA,2013,6.009373665
Italy,ITA,2014,6.026585102
Italy,ITA,2015,5.847683907
Italy,ITA,2016,5.95452404
Italy,ITA,2017,6.198870182
Italy,ITA,2018,6.516526699
Jamaica,JAM,2006,6.207881927
Jamaica,JAM,2011,5.374446392
Jamaica,JAM,2013,5.708886623
Jamaica,JAM,2014,5.310538769
Jamaica,JAM,2017,5.889759064
Japan,JPN,2005,6.515817165
Japan,JPN,2007,6.238197803
Japan,JPN,2008,5.91067934
Japan,JPN,2009,5.844999313
Japan,JPN,2010,6.056752682
Japan,JPN,2011,6.262793541
Japan,JPN,2012,5.968216419
Japan,JPN,2013,5.959361553
Japan,JPN,2014,5.922620773
Japan,JPN,2015,5.879684448
Japan,JPN,2016,5.954650879
Japan,JPN,2017,5.910676479
Japan,JPN,2018,5.793575287
Jordan,JOR,2005,6.294660091
Jordan,JOR,2007,5.59805727
Jordan,JOR,2008,4.930058002
Jordan,JOR,2009,5.999859333
Jordan,JOR,2010,5.569942474
Jordan,JOR,2011,5.539327621
Jordan,JOR,2012,5.131996155
Jordan,JOR,2013,5.171952724
Jordan,JOR,2014,5.333021641
Jordan,JOR,2015,5.404593468
Jordan,JOR,2016,5.27128458
Jordan,JOR,2017,4.808082581
Jordan,JOR,2018,4.638933659
Kazakhstan,KAZ,2006,5.475948334
Kazakhstan,KAZ,2007,5.718553543
Kazakhstan,KAZ,2008,5.886419773
Kazakhstan,KAZ,2009,5.382563114
Kazakhstan,KAZ,2010,5.514286518
Kazakhstan,KAZ,2011,5.735662937
Kazakhstan,KAZ,2012,5.759469509
Kazakhstan,KAZ,2013,5.835483074
Kazakhstan,KAZ,2014,5.970097542
Kazakhstan,KAZ,2015,5.949995041
Kazakhstan,KAZ,2016,5.533551693
Kazakhstan,KAZ,2017,5.882351398
Kazakhstan,KAZ,2018,6.00763607
Kenya,KEN,2006,4.223234177
Kenya,KEN,2007,4.575657845
Kenya,KEN,2008,4.015274525
Kenya,KEN,2009,4.270434856
Kenya,KEN,2010,4.255859375
Kenya,KEN,2011,4.405310154
Kenya,KEN,2012,4.547335148
Kenya,KEN,2013,3.795383215
Kenya,KEN,2014,4.904579639
Kenya,KEN,2015,4.357617855
Kenya,KEN,2016,4.396127701
Kenya,KEN,2017,4.475654125
Kenya,KEN,2018,4.655702591
Kosovo,OWID_KOS,2007,5.103906155
Kosovo,OWID_KOS,2008,5.521659851
Kosovo,OWID_KOS,2009,5.891432762
Kosovo,OWID_KOS,2010,5.17660141
Kosovo,OWID_KOS,2011,4.859501839
Kosovo,OWID_KOS,2012,5.639588356
Kosovo,OWID_KOS,2013,6.125758171
Kosovo,OWID_KOS,2014,5.000375271
Kosovo,OWID_KOS,2015,5.077460766
Kosovo,OWID_KOS,2016,5.759412289
Kosovo,OWID_KOS,2017,6.149199963
Kosovo,OWID_KOS,2018,6.391825676
Kuwait,KWT,2006,6.075547218
Kuwait,KWT,2009,6.585246086
Kuwait,KWT,2010,6.798151016
Kuwait,KWT,2011,6.377699375
Kuwait,KWT,2012,6.221094608
Kuwait,KWT,2013,6.480031013
Kuwait,KWT,2014,6.180138588
Kuwait,KWT,2015,6.146031857
Kuwait,KWT,2016,5.947194576
Kuwait,KWT,2017,6.093905449
Kyrgyzstan,KGZ,2006,4.641398907
Kyrgyzstan,KGZ,2007,4.697761536
Kyrgyzstan,KGZ,2008,4.736588001
Kyrgyzstan,KGZ,2009,5.06905365
Kyrgyzstan,KGZ,2010,4.996410847
Kyrgyzstan,KGZ,2011,4.921049118
Kyrgyzstan,KGZ,2012,5.207785606
Kyrgyzstan,KGZ,2013,5.40242672
Kyrgyzstan,KGZ,2014,5.252192974
Kyrgyzstan,KGZ,2015,4.905375957
Kyrgyzstan,KGZ,2016,4.856534004
Kyrgyzstan,KGZ,2017,5.629536629
Kyrgyzstan,KGZ,2018,5.297383308
Laos,LAO,2006,5.076225758
Laos,LAO,2007,5.363854885
Laos,LAO,2008,5.044098854
Laos,LAO,2011,4.703749657
Laos,LAO,2012,4.876084805
Laos,LAO,2017,4.623140812
Laos,LAO,2018,4.85940218
Latvia,LVA,2006,4.70950222
Latvia,LVA,2007,4.666971684
Latvia,LVA,2008,5.145375252
Latvia,LVA,2009,4.668910503
Latvia,LVA,2011,4.966811657
Latvia,LVA,2012,5.125025272
Latvia,LVA,2013,5.069770336
Latvia,LVA,2014,5.729115486
Latvia,LVA,2015,5.880597591
Latvia,LVA,2016,5.940446377
Latvia,LVA,2017,5.977817535
Latvia,LVA,2018,5.901154041
Lebanon,LBN,2005,5.49124527
Lebanon,LBN,2006,4.653103828
Lebanon,LBN,2008,4.594851017
Lebanon,LBN,2009,5.205998898
Lebanon,LBN,2010,5.031899452
Lebanon,LBN,2011,5.187571526
Lebanon,LBN,2012,4.572566986
Lebanon,LBN,2013,4.983288765
Lebanon,LBN,2014,5.233025551
Lebanon,LBN,2015,5.171971321
Lebanon,LBN,2016,5.27072382
Lebanon,LBN,2017,5.153989792
Lebanon,LBN,2018,5.167186737
Lesotho,LSO,2011,4.89751482
Lesotho,LSO,2016,3.808204889
Lesotho,LSO,2017,3.795300722
Liberia,LBR,2007,3.701401234
Liberia,LBR,2008,4.221354008
Liberia,LBR,2010,4.196063042
Liberia,LBR,2014,4.571419239
Liberia,LBR,2015,2.701591253
Liberia,LBR,2016,3.354676008
Liberia,LBR,2017,4.424490929
Liberia,LBR,2018,4.134852886
Libya,LBY,2012,5.754394054
Libya,LBY,2015,5.615404606
Libya,LBY,2016,5.43358326
Libya,LBY,2017,5.646852493
Libya,LBY,2018,5.493977547
Lithuania,LTU,2006,5.954442978
Lithuania,LTU,2007,5.80828476
Lithuania,LTU,2008,5.553925991
Lithuania,LTU,2009,5.466920853
Lithuania,LTU,2010,5.065824986
Lithuania,LTU,2011,5.43243742
Lithuania,LTU,2012,5.771037102
Lithuania,LTU,2013,5.595689297
Lithuania,LTU,2014,6.125723839
Lithuania,LTU,2015,5.711378098
Lithuania,LTU,2016,5.865552425
Lithuania,LTU,2017,6.272940636
Lithuania,LTU,2018,6.308878899
Luxembourg,LUX,2009,6.957920074
Luxembourg,LUX,2010,7.097251892
Luxembourg,LUX,2011,7.101400375
Luxembourg,LUX,2012,6.964097023
Luxembourg,LUX,2013,7.130809307
Luxembourg,LUX,2014,6.89112711
Luxembourg,LUX,2015,6.701571465
Luxembourg,LUX,2016,6.967340946
Luxembourg,LUX,2017,7.061380863
Luxembourg,LUX,2018,7.242630959
Macedonia,MKD,2007,4.493598461
Macedonia,MKD,2009,4.428021908
Macedonia,MKD,2010,4.180202007
Macedonia,MKD,2011,4.898180008
Macedonia,MKD,2012,4.639647484
Macedonia,MKD,2013,5.186190605
Macedonia,MKD,2014,5.203825951
Macedonia,MKD,2015,4.975589752
Macedonia,MKD,2016,5.34574604
Macedonia,MKD,2017,5.233866692
Macedonia,MKD,2018,5.239834785
Madagascar,MDG,2006,3.979751348
Madagascar,MDG,2008,4.640079021
Madagascar,MDG,2011,4.381415367
Madagascar,MDG,2012,3.550609589
Madagascar,MDG,2013,3.815607071
Madagascar,MDG,2014,3.675626993
Madagascar,MDG,2015,3.592514038
Madagascar,MDG,2016,3.663085938
Madagascar,MDG,2017,4.078620434
Madagascar,MDG,2018,4.070586681
Malawi,MWI,2006,3.829868078
Malawi,MWI,2007,4.89103651
Malawi,MWI,2009,5.148239613
Malawi,MWI,2011,3.946062565
Malawi,MWI,2012,4.279269695
Malawi,MWI,2013,4.035084248
Malawi,MWI,2014,4.563080311
Malawi,MWI,2015,3.86763835
Malawi,MWI,2016,3.476492643
Malawi,MWI,2017,3.416862965
Malawi,MWI,2018,3.334633589
Malaysia,MYS,2006,6.011716843
Malaysia,MYS,2007,6.238904476
Malaysia,MYS,2008,5.806781769
Malaysia,MYS,2009,5.384701729
Malaysia,MYS,2010,5.580281734
Malaysia,MYS,2011,5.786367416
Malaysia,MYS,2012,5.914283752
Malaysia,MYS,2013,5.770199776
Malaysia,MYS,2014,5.962921619
Malaysia,MYS,2015,6.322121143
Malaysia,MYS,2018,5.338817596
Mali,MLI,2006,4.014075756
Mali,MLI,2008,4.114664078
Mali,MLI,2009,3.976598501
Mali,MLI,2010,3.762305021
Mali,MLI,2011,4.666832924
Mali,MLI,2012,4.313016891
Mali,MLI,2013,3.676277161
Mali,MLI,2014,3.974714279
Mali,MLI,2015,4.582098484
Mali,MLI,2016,4.016027927
Mali,MLI,2017,4.741850376
Mali,MLI,2018,4.415729523
Malta,MLT,2009,6.32763958
Malta,MLT,2010,5.77387476
Malta,MLT,2011,6.154718399
Malta,MLT,2012,5.962872028
Malta,MLT,2013,6.379924774
Malta,MLT,2014,6.45211792
Malta,MLT,2015,6.61339426
Malta,MLT,2016,6.590842247
Malta,MLT,2017,6.675665855
Malta,MLT,2018,6.909710884
Mauritania,MRT,2007,4.149043083
Mauritania,MRT,2008,4.248075008
Mauritania,MRT,2009,4.500431538
Mauritania,MRT,2010,4.772306919
Mauritania,MRT,2011,4.784804344
Mauritania,MRT,2012,4.673203945
Mauritania,MRT,2013,4.199015141
Mauritania,MRT,2014,4.482805252
Mauritania,MRT,2015,3.922664165
Mauritania,MRT,2016,4.472149372
Mauritania,MRT,2017,4.678159714
Mauritania,MRT,2018,4.313615322
Mauritius,MUS,2011,5.477073193
Mauritius,MUS,2014,5.647779942
Mauritius,MUS,2016,5.610003471
Mauritius,MUS,2017,6.174117565
Mauritius,MUS,2018,5.88174057
Mexico,MEX,2005,6.580657959
Mexico,MEX,2007,6.525378227
Mexico,MEX,2008,6.829036236
Mexico,MEX,2009,6.962819099
Mexico,MEX,2010,6.802388668
Mexico,MEX,2011,6.909515381
Mexico,MEX,2012,7.320185184
Mexico,MEX,2013,7.442546368
Mexico,MEX,2014,6.679831028
Mexico,MEX,2015,6.236287117
Mexico,MEX,2016,6.824172974
Mexico,MEX,2017,6.410299301
Mexico,MEX,2018,6.549578667
Moldova,MDA,2006,5.102071285
Moldova,MDA,2007,4.774918079
Moldova,MDA,2008,5.502756119
Moldova,MDA,2009,5.554374218
Moldova,MDA,2010,5.589736462
Moldova,MDA,2011,5.792262554
Moldova,MDA,2012,5.995712757
Moldova,MDA,2013,5.75605917
Moldova,MDA,2014,5.917058468
Moldova,MDA,2015,6.017472267
Moldova,MDA,2016,5.577784061
Moldova,MDA,2017,5.325530529
Moldova,MDA,2018,5.682277203
Mongolia,MNG,2007,4.609059334
Mongolia,MNG,2008,4.493010044
Mongolia,MNG,2010,4.585523605
Mongolia,MNG,2011,5.031173706
Mongolia,MNG,2012,4.885150433
Mongolia,MNG,2013,4.912928104
Mongolia,MNG,2014,4.824834824
Mongolia,MNG,2015,4.982719898
Mongolia,MNG,2016,5.056999683
Mongolia,MNG,2017,5.333850384
Mongolia,MNG,2018,5.464622974
Montenegro,MNE,2007,5.196315289
Montenegro,MNE,2009,4.8010602
Montenegro,MNE,2010,5.455030441
Montenegro,MNE,2011,5.223116875
Montenegro,MNE,2012,5.218724251
Montenegro,MNE,2013,5.074341774
Montenegro,MNE,2014,5.282720566
Montenegro,MNE,2015,5.124921322
Montenegro,MNE,2016,5.304066181
Montenegro,MNE,2017,5.614798546
Montenegro,MNE,2018,5.650189877
Morocco,MAR,2010,4.383247375
Morocco,MAR,2011,5.084972858
Morocco,MAR,2012,4.969656467
Morocco,MAR,2013,5.142160416
Morocco,MAR,2015,5.163156986
Morocco,MAR,2016,5.38630724
Morocco,MAR,2017,5.312482834
Morocco,MAR,2018,4.896791935
Mozambique,MOZ,2006,4.594879627
Mozambique,MOZ,2007,4.832634926
Mozambique,MOZ,2008,4.65358305
Mozambique,MOZ,2011,4.971111774
Mozambique,MOZ,2015,4.549767494
Mozambique,MOZ,2017,4.279863358
Mozambique,MOZ,2018,4.653713703
Myanmar,MMR,2012,4.438939571
Myanmar,MMR,2013,4.175670624
Myanmar,MMR,2014,4.786247253
Myanmar,MMR,2015,4.223846436
Myanmar,MMR,2016,4.623119831
Myanmar,MMR,2017,4.154341698
Myanmar,MMR,2018,4.410633087
Namibia,NAM,2007,4.885587215
Namibia,NAM,2014,4.573991299
Namibia,NAM,2017,4.441306114
Namibia,NAM,2018,4.834087849
Nepal,NPL,2006,4.566594601
Nepal,NPL,2007,4.74828434
Nepal,NPL,2008,4.440526485
Nepal,NPL,2009,4.91686821
Nepal,NPL,2010,4.349675179
Nepal,NPL,2011,3.809444666
Nepal,NPL,2012,4.233244896
Nepal,NPL,2013,4.604576588
Nepal,NPL,2014,4.975014687
Nepal,NPL,2015,4.812436581
Nepal,NPL,2016,5.099539757
Nepal,NPL,2017,4.736692429
Nepal,NPL,2018,4.910086632
Netherlands,NLD,2005,7.463979244
Netherlands,NLD,2007,7.451879501
Netherlands,NLD,2008,7.631011963
Netherlands,NLD,2010,7.501875877
Netherlands,NLD,2011,7.563797951
Netherlands,NLD,2012,7.470715523
Netherlands,NLD,2013,7.406550407
Netherlands,NLD,2014,7.32118845
Netherlands,NLD,2015,7.324437141
Netherlands,NLD,2016,7.540877342
Netherlands,NLD,2017,7.458965302
Netherlands,NLD,2018,7.463097095
New Zealand,NZL,2006,7.305014133
New Zealand,NZL,2007,7.604173183
New Zealand,NZL,2008,7.38117075
New Zealand,NZL,2010,7.223756313
New Zealand,NZL,2011,7.190638065
New Zealand,NZL,2012,7.249629974
New Zealand,NZL,2013,7.280151844
New Zealand,NZL,2014,7.305892467
New Zealand,NZL,2015,7.418120861
New Zealand,NZL,2016,7.225687981
New Zealand,NZL,2017,7.32718277
New Zealand,NZL,2018,7.370285988
Nicaragua,NIC,2006,4.460158348
Nicaragua,NIC,2007,4.944090843
Nicaragua,NIC,2008,5.103827477
Nicaragua,NIC,2009,5.352804661
Nicaragua,NIC,2010,5.68669939
Nicaragua,NIC,2011,5.385705471
Nicaragua,NIC,2012,5.448006153
Nicaragua,NIC,2013,5.772274971
Nicaragua,NIC,2014,6.275266647
Nicaragua,NIC,2015,5.924112797
Nicaragua,NIC,2016,6.012739658
Nicaragua,NIC,2017,6.476356506
Nicaragua,NIC,2018,5.81895256
Niger,NER,2006,3.736951828
Niger,NER,2007,4.277402401
Niger,NER,2008,4.235657215
Niger,NER,2009,4.267169952
Niger,NER,2010,4.101016045
Niger,NER,2011,4.555829525
Niger,NER,2012,3.798088312
Niger,NER,2013,3.716329813
Niger,NER,2014,4.180943489
Niger,NER,2015,3.671453714
Niger,NER,2016,4.234645844
Niger,NER,2017,4.615673542
Niger,NER,2018,5.164007187
Nigeria,NGA,2006,4.709745884
Nigeria,NGA,2007,4.890419483
Nigeria,NGA,2008,4.938560486
Nigeria,NGA,2009,4.980220318
Nigeria,NGA,2010,4.760275841
Nigeria,NGA,2012,5.492954254
Nigeria,NGA,2013,4.81786871
Nigeria,NGA,2015,4.932914734
Nigeria,NGA,2016,5.219567776
Nigeria,NGA,2017,5.321928024
Nigeria,NGA,2018,5.252288342
Northern Cyprus,OWID_CYN,2012,5.463305473
Northern Cyprus,OWID_CYN,2013,5.566802502
Northern Cyprus,OWID_CYN,2014,5.785978794
Northern Cyprus,OWID_CYN,2015,5.842550278
Northern Cyprus,OWID_CYN,2016,5.827127934
Northern Cyprus,OWID_CYN,2018,5.608056068
Norway,NOR,2006,7.415682316
Norway,NOR,2008,7.632287502
Norway,NOR,2012,7.678277016
Norway,NOR,2014,7.444470882
Norway,NOR,2015,7.603433609
Norway,NOR,2016,7.596331596
Norway,NOR,2017,7.578744888
Norway,NOR,2018,7.444262028
Oman,OMN,2011,6.852982044
Pakistan,PAK,2005,5.224657536
Pakistan,PAK,2007,5.671460629
Pakistan,PAK,2008,4.413918972
Pakistan,PAK,2009,5.208146572
Pakistan,PAK,2010,5.786132813
Pakistan,PAK,2011,5.267186165
Pakistan,PAK,2012,5.131565094
Pakistan,PAK,2013,5.138082504
Pakistan,PAK,2014,5.435657978
Pakistan,PAK,2015,4.823194981
Pakistan,PAK,2016,5.548508167
Pakistan,PAK,2017,5.830870628
Pakistan,PAK,2018,5.471553802
Palestine,PSE,2006,4.716387749
Palestine,PSE,2007,4.151053905
Palestine,PSE,2008,4.385603428
Palestine,PSE,2009,4.470191479
Palestine,PSE,2010,4.702603817
Palestine,PSE,2011,4.751219749
Palestine,PSE,2012,4.646608353
Palestine,PSE,2013,4.844027996
Palestine,PSE,2014,4.721938133
Palestine,PSE,2015,4.695239067
Palestine,PSE,2016,4.906618118
Palestine,PSE,2017,4.62813282
Palestine,PSE,2018,4.5539217
Panama,PAN,2006,6.127988338
Panama,PAN,2007,6.894139767
Panama,PAN,2008,6.930903435
Panama,PAN,2009,7.033740044
Panama,PAN,2010,7.3214674
Panama,PAN,2011,7.24808073
Panama,PAN,2012,6.859835625
Panama,PAN,2013,6.86648035
Panama,PAN,2014,6.631171227
Panama,PAN,2015,6.605550289
Panama,PAN,2016,6.117638111
Panama,PAN,2017,6.567658901
Panama,PAN,2018,6.281434059
Paraguay,PRY,2006,4.730082035
Paraguay,PRY,2007,5.272461414
Paraguay,PRY,2008,5.570061684
Paraguay,PRY,2009,5.576147079
Paraguay,PRY,2010,5.841174126
Paraguay,PRY,2011,5.677080631
Paraguay,PRY,2012,5.820058346
Paraguay,PRY,2013,5.936240673
Paraguay,PRY,2014,5.118641853
Paraguay,PRY,2015,5.559724331
Paraguay,PRY,2016,5.801380157
Paraguay,PRY,2017,5.71329546
Peru,PER,2006,4.810845375
Peru,PER,2007,5.213962078
Peru,PER,2008,5.129230976
Peru,PER,2009,5.518846989
Peru,PER,2010,5.612785339
Peru,PER,2011,5.892457485
Peru,PER,2012,5.824557304
Peru,PER,2013,5.782557487
Peru,PER,2014,5.865815639
Peru,PER,2015,5.577263355
Peru,PER,2016,5.700628757
Peru,PER,2017,5.710936546
Peru,PER,2018,5.679661274
Philippines,PHL,2006,4.669945717
Philippines,PHL,2007,5.073562145
Philippines,PHL,2008,4.589065075
Philippines,PHL,2009,4.879910946
Philippines,PHL,2010,4.941514015
Philippines,PHL,2011,4.993956566
Philippines,PHL,2012,5.001965046
Philippines,PHL,2013,4.976925373
Philippines,PHL,2014,5.312550068
Philippines,PHL,2015,5.547489166
Philippines,PHL,2016,5.430832863
Philippines,PHL,2017,5.594270229
Philippines,PHL,2018,5.869172573
Poland,POL,2005,5.587209225
Poland,POL,2007,5.886137486
Poland,POL,2009,5.772027493
Poland,POL,2010,5.887029648
Poland,POL,2011,5.646204948
Poland,POL,2012,5.87593174
Poland,POL,2013,5.746131897
Poland,POL,2014,5.750282288
Poland,POL,2015,6.007021904
Poland,POL,2016,6.162076473
Poland,POL,2017,6.201268196
Portugal,PRT,2006,5.405246258
Portugal,PRT,2008,5.716966629
Portugal,PRT,2010,5.094525814
Portugal,PRT,2011,5.219997883
Portugal,PRT,2012,4.993962288
Portugal,PRT,2013,5.157688141
Portugal,PRT,2014,5.12691164
Portugal,PRT,2015,5.080866337
Portugal,PRT,2016,5.446637154
Portugal,PRT,2017,5.711499214
Portugal,PRT,2018,5.919822693
Qatar,QAT,2009,6.417824268
Qatar,QAT,2010,6.849652767
Qatar,QAT,2011,6.591604233
Qatar,QAT,2012,6.611298561
Qatar,QAT,2015,6.374529362
Romania,ROU,2005,5.048648357
Romania,ROU,2007,5.393723965
Romania,ROU,2009,5.367565155
Romania,ROU,2010,4.909165859
Romania,ROU,2011,5.02275753
Romania,ROU,2012,5.166874886
Romania,ROU,2013,5.081584454
Romania,ROU,2014,5.726893425
Romania,ROU,2015,5.777491093
Romania,ROU,2016,5.96887064
Romania,ROU,2017,6.089904785
Romania,ROU,2018,6.150878906
Russia,RUS,2006,4.963742733
Russia,RUS,2007,5.222867489
Russia,RUS,2008,5.61875391
Russia,RUS,2009,5.158227921
Russia,RUS,2010,5.384773254
Russia,RUS,2011,5.388766289
Russia,RUS,2012,5.620735645
Russia,RUS,2013,5.537177563
Russia,RUS,2014,6.036976814
Russia,RUS,2015,5.995538712
Russia,RUS,2016,5.85494566
Russia,RUS,2017,5.578742981
Russia,RUS,2018,5.513500214
Rwanda,RWA,2006,4.21470356
Rwanda,RWA,2008,4.362988949
Rwanda,RWA,2009,4.029761791
Rwanda,RWA,2011,4.097435951
Rwanda,RWA,2012,3.333047867
Rwanda,RWA,2013,3.466387749
Rwanda,RWA,2014,3.595678329
Rwanda,RWA,2015,3.483108997
Rwanda,RWA,2016,3.332989931
Rwanda,RWA,2017,3.10837388
Rwanda,RWA,2018,3.5610466
Saudi Arabia,SAU,2005,7.079644203
Saudi Arabia,SAU,2007,7.266694069
Saudi Arabia,SAU,2008,6.811370373
Saudi Arabia,SAU,2009,6.14759016
Saudi Arabia,SAU,2010,6.307098389
Saudi Arabia,SAU,2011,6.699789524
Saudi Arabia,SAU,2012,6.396359444
Saudi Arabia,SAU,2013,6.495132923
Saudi Arabia,SAU,2014,6.27837801
Saudi Arabia,SAU,2015,6.345491886
Saudi Arabia,SAU,2016,6.473921299
Saudi Arabia,SAU,2017,6.294282436
Saudi Arabia,SAU,2018,6.356393337
Senegal,SEN,2006,4.417352676
Senegal,SEN,2007,4.679986954
Senegal,SEN,2008,4.683499813
Senegal,SEN,2009,4.335114002
Senegal,SEN,2010,4.372156143
Senegal,SEN,2011,3.834201574
Senegal,SEN,2012,3.668736935
Senegal,SEN,2013,3.647367001
Senegal,SEN,2014,4.394777298
Senegal,SEN,2015,4.61700058
Senegal,SEN,2016,4.59453392
Senegal,SEN,2017,4.683024883
Senegal,SEN,2018,4.769377232
Serbia,SRB,2007,4.750383854
Serbia,SRB,2009,4.380311966
Serbia,SRB,2010,4.461304188
Serbia,SRB,2011,4.815186501
Serbia,SRB,2012,5.154521942
Serbia,SRB,2013,5.101840496
Serbia,SRB,2014,5.112728596
Serbia,SRB,2015,5.317685127
Serbia,SRB,2016,5.752754688
Serbia,SRB,2017,5.122031212
Serbia,SRB,2018,5.936493397
Sierra Leone,SLE,2006,3.628185034
Sierra Leone,SLE,2007,3.585127354
Sierra Leone,SLE,2008,2.997251034
Sierra Leone,SLE,2010,4.133955956
Sierra Leone,SLE,2011,4.501643658
Sierra Leone,SLE,2013,4.514291286
Sierra Leone,SLE,2014,4.499970436
Sierra Leone,SLE,2015,4.908617973
Sierra Leone,SLE,2016,4.732953072
Sierra Leone,SLE,2017,4.089562416
Sierra Leone,SLE,2018,4.305683136
Singapore,SGP,2006,6.462702751
Singapore,SGP,2007,6.833754539
Singapore,SGP,2008,6.641956806
Singapore,SGP,2009,6.144676685
Singapore,SGP,2010,6.531401634
Singapore,SGP,2011,6.561041832
Singapore,SGP,2013,6.53320694
Singapore,SGP,2014,7.062364578
Singapore,SGP,2015,6.619524956
Singapore,SGP,2016,6.033480644
Singapore,SGP,2017,6.378437996
Singapore,SGP,2018,6.374564171
Slovakia,SVK,2006,5.264676571
Slovakia,SVK,2010,6.052223206
Slovakia,SVK,2011,5.945048332
Slovakia,SVK,2012,5.91105938
Slovakia,SVK,2013,5.936527252
Slovakia,SVK,2014,6.1388731
Slovakia,SVK,2015,6.162004471
Slovakia,SVK,2016,5.993163109
Slovakia,SVK,2017,6.365509033
Slovakia,SVK,2018,6.23511076
Slovenia,SVN,2006,5.811264515
Slovenia,SVN,2009,5.830160618
Slovenia,SVN,2010,6.082555294
Slovenia,SVN,2011,6.035964012
Slovenia,SVN,2012,6.062891006
Slovenia,SVN,2013,5.974888802
Slovenia,SVN,2014,5.678395271
Slovenia,SVN,2015,5.740642071
Slovenia,SVN,2016,5.936821461
Slovenia,SVN,2017,6.166837692
Slovenia,SVN,2018,6.249419212
Somalia,SOM,2009,4.991399765
Somalia,SOM,2010,4.657363415
Somalia,SOM,2011,4.930571556
Somalia,SOM,2012,5.057314396
Somalia,SOM,2014,5.528272629
Somalia,SOM,2015,5.353644848
Somalia,SOM,2016,4.667941093
South Africa,ZAF,2006,5.083986759
South Africa,ZAF,2007,5.204454422
South Africa,ZAF,2008,5.346306801
South Africa,ZAF,2009,5.218430996
South Africa,ZAF,2010,4.652428627
South Africa,ZAF,2011,4.930511475
South Africa,ZAF,2012,5.133887768
South Africa,ZAF,2013,3.660727262
South Africa,ZAF,2014,4.828456402
South Africa,ZAF,2015,4.887325764
South Africa,ZAF,2016,4.769739628
South Africa,ZAF,2017,4.513655186
South Africa,ZAF,2018,4.8839221
South Korea,KOR,2006,5.332177639
South Korea,KOR,2007,5.76727581
South Korea,KOR,2008,5.389624596
South Korea,KOR,2009,5.647689819
South Korea,KOR,2010,6.116024494
South Korea,KOR,2011,6.946599007
South Korea,KOR,2012,6.003286839
South Korea,KOR,2013,5.958809853
South Korea,KOR,2014,5.801325321
South Korea,KOR,2015,5.780211449
South Korea,KOR,2016,5.970564365
South Korea,KOR,2017,5.873887062
South Korea,KOR,2018,5.840231419
South Sudan,SSD,2014,3.831992388
South Sudan,SSD,2015,4.070771217
South Sudan,SSD,2016,2.888112307
South Sudan,SSD,2017,2.816622496
Spain,ESP,2005,7.152785778
Spain,ESP,2007,6.994614601
Spain,ESP,2008,7.294472694
Spain,ESP,2009,6.198601246
Spain,ESP,2010,6.188262463
Spain,ESP,2011,6.518249035
Spain,ESP,2012,6.290690422
Spain,ESP,2013,6.150027275
Spain,ESP,2014,6.456477642
Spain,ESP,2015,6.380663395
Spain,ESP,2016,6.318612099
Spain,ESP,2017,6.230173111
Spain,ESP,2018,6.513370991
Sri Lanka,LKA,2006,4.344610691
Sri Lanka,LKA,2007,4.414805412
Sri Lanka,LKA,2008,4.430846214
Sri Lanka,LKA,2009,4.212026596
Sri Lanka,LKA,2010,3.976905107
Sri Lanka,LKA,2011,4.180569172
Sri Lanka,LKA,2012,4.224593163
Sri Lanka,LKA,2013,4.364694118
Sri Lanka,LKA,2014,4.267932892
Sri Lanka,LKA,2015,4.611606598
Sri Lanka,LKA,2017,4.330945492
Sri Lanka,LKA,2018,4.400223255
Sudan,SDN,2009,4.454917431
Sudan,SDN,2010,4.435159683
Sudan,SDN,2011,4.314456463
Sudan,SDN,2012,4.550499439
Sudan,SDN,2014,4.138672829
Suriname,SUR,2012,6.269286633
Swaziland,SWZ,2011,4.867091179
Swaziland,SWZ,2018,4.211565018
Sweden,SWE,2005,7.376315594
Sweden,SWE,2007,7.241362572
Sweden,SWE,2008,7.51599741
Sweden,SWE,2009,7.265977383
Sweden,SWE,2010,7.496018887
Sweden,SWE,2011,7.382232189
Sweden,SWE,2012,7.560147762
Sweden,SWE,2013,7.434010506
Sweden,SWE,2014,7.239147663
Sweden,SWE,2015,7.28892231
Sweden,SWE,2016,7.368744373
Sweden,SWE,2017,7.286804676
Sweden,SWE,2018,7.374792099
Switzerland,CHE,2006,7.473252773
Switzerland,CHE,2009,7.524520874
Switzerland,CHE,2012,7.776208878
Switzerland,CHE,2014,7.492803574
Switzerland,CHE,2015,7.572136879
Switzerland,CHE,2016,7.458519936
Switzerland,CHE,2017,7.473593235
Switzerland,CHE,2018,7.508586884
Syria,SYR,2008,5.32333231
Syria,SYR,2009,4.978970528
Syria,SYR,2010,4.464707851
Syria,SYR,2011,4.037889481
Syria,SYR,2012,3.164491177
Syria,SYR,2013,2.687552929
Syria,SYR,2015,3.46191287
Taiwan,TWN,2006,6.189050198
Taiwan,TWN,2008,5.547682285
Taiwan,TWN,2010,6.228530884
Taiwan,TWN,2011,6.308915138
Taiwan,TWN,2012,6.125916958
Taiwan,TWN,2013,6.340344429
Taiwan,TWN,2014,6.36349678
Taiwan,TWN,2015,6.450088024
Taiwan,TWN,2016,6.512850761
Taiwan,TWN,2017,6.359450817
Taiwan,TWN,2018,6.467004776
Tajikistan,TJK,2006,4.613099098
Tajikistan,TJK,2007,4.431608677
Tajikistan,TJK,2008,5.063986778
Tajikistan,TJK,2009,4.575174809
Tajikistan,TJK,2010,4.380636215
Tajikistan,TJK,2011,4.262671471
Tajikistan,TJK,2012,4.496571541
Tajikistan,TJK,2013,4.966521263
Tajikistan,TJK,2014,4.896157742
Tajikistan,TJK,2015,5.124210835
Tajikistan,TJK,2016,5.103721142
Tajikistan,TJK,2017,5.829234123
Tanzania,TZA,2006,3.922484159
Tanzania,TZA,2007,4.317949772
Tanzania,TZA,2008,4.384741783
Tanzania,TZA,2009,3.407507896
Tanzania,TZA,2010,3.229129076
Tanzania,TZA,2011,4.073562145
Tanzania,TZA,2012,4.006897449
Tanzania,TZA,2013,3.852394819
Tanzania,TZA,2014,3.483278513
Tanzania,TZA,2015,3.660597324
Tanzania,TZA,2016,2.90273428
Tanzania,TZA,2017,3.347121239
Tanzania,TZA,2018,3.445023298
Thailand,THA,2006,5.88543272
Thailand,THA,2007,5.783891201
Thailand,THA,2008,5.636471272
Thailand,THA,2009,5.475645065
Thailand,THA,2010,6.216702938
Thailand,THA,2011,6.663609028
Thailand,THA,2012,6.300235271
Thailand,THA,2013,6.231024742
Thailand,THA,2014,6.985463619
Thailand,THA,2015,6.201762676
Thailand,THA,2016,6.07363987
Thailand,THA,2017,5.938895226
Thailand,THA,2018,6.011561871
Togo,TGO,2006,3.202429295
Togo,TGO,2008,2.807855129
Togo,TGO,2011,2.936220884
Togo,TGO,2014,2.83895874
Togo,TGO,2015,3.768301964
Togo,TGO,2016,3.878578424
Togo,TGO,2017,4.360805035
Togo,TGO,2018,4.022894859
Trinidad and Tobago,TTO,2006,5.832188606
Trinidad and Tobago,TTO,2008,6.696444035
Trinidad and Tobago,TTO,2011,6.518745899
Trinidad and Tobago,TTO,2013,6.167706966
Trinidad and Tobago,TTO,2017,6.191859722
Tunisia,TUN,2009,5.025470257
Tunisia,TUN,2010,5.130520821
Tunisia,TUN,2011,4.87648201
Tunisia,TUN,2012,4.463531017
Tunisia,TUN,2013,5.245604992
Tunisia,TUN,2014,4.763594627
Tunisia,TUN,2015,5.131611824
Tunisia,TUN,2016,4.521453381
Tunisia,TUN,2017,4.124342918
Tunisia,TUN,2018,4.741132259
Turkey,TUR,2005,4.718733788
Turkey,TUR,2007,5.623471737
Turkey,TUR,2008,5.118231773
Turkey,TUR,2009,5.212841511
Turkey,TUR,2010,5.490347385
Turkey,TUR,2011,5.271944046
Turkey,TUR,2012,5.309076309
Turkey,TUR,2013,4.888177395
Turkey,TUR,2014,5.579794407
Turkey,TUR,2015,5.514465332
Turkey,TUR,2016,5.326221943
Turkey,TUR,2017,5.607262135
Turkey,TUR,2018,5.185689449
Turkmenistan,TKM,2009,6.567713261
Turkmenistan,TKM,2011,5.791754723
Turkmenistan,TKM,2012,5.463827133
Turkmenistan,TKM,2013,5.391762733
Turkmenistan,TKM,2014,5.787379265
Turkmenistan,TKM,2015,5.791460037
Turkmenistan,TKM,2016,5.887051582
Turkmenistan,TKM,2017,5.229148865
Turkmenistan,TKM,2018,4.620601654
Uganda,UGA,2006,3.733583927
Uganda,UGA,2007,4.45583868
Uganda,UGA,2008,4.568619251
Uganda,UGA,2009,4.611985683
Uganda,UGA,2010,4.192882061
Uganda,UGA,2011,4.826001167
Uganda,UGA,2012,4.309237957
Uganda,UGA,2013,3.709578753
Uganda,UGA,2014,3.769919157
Uganda,UGA,2015,4.237686634
Uganda,UGA,2016,4.233261108
Uganda,UGA,2017,4.000516891
Uganda,UGA,2018,4.321714878
Ukraine,UKR,2006,4.803954124
Ukraine,UKR,2007,5.25218153
Ukraine,UKR,2008,5.172380447
Ukraine,UKR,2009,5.1656394
Ukraine,UKR,2010,5.057561398
Ukraine,UKR,2011,5.083132744
Ukraine,UKR,2012,5.030342102
Ukraine,UKR,2013,4.710802555
Ukraine,UKR,2014,4.297329903
Ukraine,UKR,2015,3.964542866
Ukraine,UKR,2016,4.028690338
Ukraine,UKR,2017,4.311067104
Ukraine,UKR,2018,4.661909103
United Arab Emirates,ARE,2006,6.734221935
United Arab Emirates,ARE,2009,6.866062641
United Arab Emirates,ARE,2010,7.097455502
United Arab Emirates,ARE,2011,7.118701458
United Arab Emirates,ARE,2012,7.217766762
United Arab Emirates,ARE,2013,6.620951176
United Arab Emirates,ARE,2014,6.539854527
United Arab Emirates,ARE,2015,6.568397522
United Arab Emirates,ARE,2016,6.83095026
United Arab Emirates,ARE,2017,7.039419651
United Arab Emirates,ARE,2018,6.603743553
United Kingdom,GBR,2005,6.983556747
United Kingdom,GBR,2007,6.801930904
United Kingdom,GBR,2008,6.986463547
United Kingdom,GBR,2009,6.90654707
United Kingdom,GBR,2010,7.029364109
United Kingdom,GBR,2011,6.869248867
United Kingdom,GBR,2012,6.880784035
United Kingdom,GBR,2013,6.918055058
United Kingdom,GBR,2014,6.758147717
United Kingdom,GBR,2015,6.515445232
United Kingdom,GBR,2016,6.8242836
United Kingdom,GBR,2017,7.103273392
United Kingdom,GBR,2018,7.233445168
United States,USA,2006,7.18179369
United States,USA,2007,7.512687683
United States,USA,2008,7.280385971
United States,USA,2009,7.158032417
United States,USA,2010,7.16361618
United States,USA,2011,7.115138531
United States,USA,2012,7.026226997
United States,USA,2013,7.249285221
United States,USA,2014,7.151114464
United States,USA,2015,6.863946915
United States,USA,2016,6.803599834
United States,USA,2017,6.9917593
United States,USA,2018,6.882684708
Uruguay,URY,2006,5.785868168
Uruguay,URY,2007,5.693945885
Uruguay,URY,2008,5.663869858
Uruguay,URY,2009,6.296222687
Uruguay,URY,2010,6.062010765
Uruguay,URY,2011,6.554047108
Uruguay,URY,2012,6.449728489
Uruguay,URY,2013,6.444464684
Uruguay,URY,2014,6.561443806
Uruguay,URY,2015,6.628080368
Uruguay,URY,2016,6.171485424
Uruguay,URY,2017,6.336009979
Uruguay,URY,2018,6.371714592
Uzbekistan,UZB,2006,5.232322216
Uzbekistan,UZB,2008,5.311368465
Uzbekistan,UZB,2009,5.26072073
Uzbekistan,UZB,2010,5.095342159
Uzbekistan,UZB,2011,5.738744259
Uzbekistan,UZB,2012,6.019331932
Uzbekistan,UZB,2013,5.939986229
Uzbekistan,UZB,2014,6.049212456
Uzbekistan,UZB,2015,5.972364426
Uzbekistan,UZB,2016,5.892539024
Uzbekistan,UZB,2017,6.421447754
Uzbekistan,UZB,2018,6.205460072
Venezuela,VEN,2005,7.169620991
Venezuela,VEN,2006,6.525146008
Venezuela,VEN,2008,6.257771492
Venezuela,VEN,2009,7.188803196
Venezuela,VEN,2010,7.47845459
Venezuela,VEN,2011,6.579789162
Venezuela,VEN,2012,7.066577435
Venezuela,VEN,2013,6.552796364
Venezuela,VEN,2014,6.136096478
Venezuela,VEN,2015,5.568800449
Venezuela,VEN,2016,4.041114807
Venezuela,VEN,2017,5.070750713
Venezuela,VEN,2018,5.005663395
Vietnam,VNM,2006,5.293659687
Vietnam,VNM,2007,5.421687603
Vietnam,VNM,2008,5.480425358
Vietnam,VNM,2009,5.304264545
Vietnam,VNM,2010,5.295780659
Vietnam,VNM,2011,5.767344475
Vietnam,VNM,2012,5.53456974
Vietnam,VNM,2013,5.022698879
Vietnam,VNM,2014,5.084923267
Vietnam,VNM,2015,5.076315403
Vietnam,VNM,2016,5.062267303
Vietnam,VNM,2017,5.175278664
Vietnam,VNM,2018,5.295547009
Yemen,YEM,2007,4.477132797
Yemen,YEM,2009,4.809258938
Yemen,YEM,2010,4.35031271
Yemen,YEM,2011,3.746255636
Yemen,YEM,2012,4.060600758
Yemen,YEM,2013,4.217678547
Yemen,YEM,2014,3.967957973
Yemen,YEM,2015,2.982673883
Yemen,YEM,2016,3.825630903
Yemen,YEM,2017,3.253560066
Yemen,YEM,2018,3.057513952
Zambia,ZMB,2006,4.824454784
Zambia,ZMB,2007,3.998293161
Zambia,ZMB,2008,4.730263233
Zambia,ZMB,2009,5.260360718
Zambia,ZMB,2011,4.99911356
Zambia,ZMB,2012,5.013374805
Zambia,ZMB,2013,5.243995667
Zambia,ZMB,2014,4.345837116
Zambia,ZMB,2015,4.843164444
Zambia,ZMB,2016,4.347543716
Zambia,ZMB,2017,3.932777405
Zambia,ZMB,2018,4.041488171
Zimbabwe,ZWE,2006,3.826268435
Zimbabwe,ZWE,2007,3.280246735
Zimbabwe,ZWE,2008,3.174263716
Zimbabwe,ZWE,2009,4.055914402
Zimbabwe,ZWE,2010,4.681569576
Zimbabwe,ZWE,2011,4.845641613
Zimbabwe,ZWE,2012,4.955100536
Zimbabwe,ZWE,2013,4.690187931
Zimbabwe,ZWE,2014,4.184450626
Zimbabwe,ZWE,2015,3.70319128
Zimbabwe,ZWE,2016,3.7354002
Zimbabwe,ZWE,2017,3.63830018
Zimbabwe,ZWE,2018,3.616479874
