Entity,Code,Year,"Homicides [deaths per 100,000]"
Afghanistan,AFG,2009,3.981527
Afghanistan,AFG,2010,3.412819153
Afghanistan,AFG,2011,4.143581459
Afghanistan,AFG,2012,6.345905676
Albania,ALB,1995,6.685551759
Albania,ALB,1996,7.967623178
Albania,ALB,1997,49.87221458
Albania,ALB,1998,18.60971466
Albania,ALB,1999,16.14202377
Albania,ALB,2000,4.196068508
Albania,ALB,2001,7.045844105
Albania,ALB,2002,6.92523218
Albania,ALB,2003,5.335896278
Albania,ALB,2004,4.228879892
Albania,ALB,2005,5.001333148
Albania,ALB,2006,3.110337419
Albania,ALB,2007,3.47232901
Albania,ALB,2008,3.108651377
Albania,ALB,2009,2.86906757
Albania,ALB,2010,4.318956649
Albania,ALB,2011,4.851948929
Albania,ALB,2012,5.376640517
Albania,ALB,2013,4.248062164
Albania,ALB,2014,4.005786136
Albania,ALB,2015,2.257682277
Albania,ALB,2016,2.698926422
Algeria,DZA,2003,2.00595528
Algeria,DZA,2004,1.367605882
Algeria,DZA,2005,0.612825408
Algeria,DZA,2006,0.923680458
Algeria,DZA,2007,0.790085713
Algeria,DZA,2008,0.940887185
Algeria,DZA,2009,0.781035004
Algeria,DZA,2010,0.703257525
Algeria,DZA,2011,0.760465403
Algeria,DZA,2012,1.392222036
Algeria,DZA,2013,1.25200314
Algeria,DZA,2014,1.47520104
Algeria,DZA,2015,1.359366012
American Samoa,ASM,2001,1.71895144
American Samoa,ASM,2002,11.91874819
American Samoa,ASM,2003,5.074682409
American Samoa,ASM,2004,6.749460043
American Samoa,ASM,2005,10.14919314
American Samoa,ASM,2006,6.820119352
American Samoa,ASM,2007,1.727026234
American Samoa,ASM,2008,5.260389269
American Samoa,ASM,2009,3.557009977
American Samoa,ASM,2010,8.986825314
American Samoa,ASM,2011,9.038322487
American Samoa,ASM,2012,3.621220351
American Samoa,ASM,2013,5.424268176
American Samoa,ASM,2014,5.411548244
American Samoa,ASM,2015,7.202405603
American Samoa,ASM,2016,5.397100678
Andorra,AND,2004,1.311578616
Andorra,AND,2007,0
Andorra,AND,2008,1.19244941
Andorra,AND,2009,0
Andorra,AND,2010,0
Andorra,AND,2011,1.194015594
Andorra,AND,2012,0
Andorra,AND,2013,0
Andorra,AND,2014,0
Andorra,AND,2015,0
Angola,AGO,2011,4.356162308
Angola,AGO,2012,4.849349402
Antigua and Barbuda,ATG,2000,5.982006126
Antigua and Barbuda,ATG,2001,8.229775327
Antigua and Barbuda,ATG,2002,5.796026244
Antigua and Barbuda,ATG,2003,5.727836138
Antigua and Barbuda,ATG,2004,4.532218408
Antigua and Barbuda,ATG,2005,3.361231555
Antigua and Barbuda,ATG,2006,12.18148193
Antigua and Barbuda,ATG,2007,18.6034296
Antigua and Barbuda,ATG,2008,17.30141223
Antigua and Barbuda,ATG,2009,17.09748774
Antigua and Barbuda,ATG,2010,6.338407581
Antigua and Barbuda,ATG,2012,10.33303368
Arab World,,2012,4.7
Arab World,,2014,4.2
Arab World,,2015,3.8
Argentina,ARG,1995,7.812329652
Argentina,ARG,1996,8.504521183
Argentina,ARG,1997,9.141835337
Argentina,ARG,1998,7.21468335
Argentina,ARG,1999,7.301381688
Argentina,ARG,2014,7.507878678
Argentina,ARG,2015,6.534191707
Argentina,ARG,2016,5.942564451
Armenia,ARM,1995,3.598938065
Armenia,ARM,1996,3.59373744
Armenia,ARM,1997,3.189959539
Armenia,ARM,1998,2.991218362
Armenia,ARM,1999,2.912033298
Armenia,ARM,2000,2.964567232
Armenia,ARM,2001,2.884626416
Armenia,ARM,2002,2.274302654
Armenia,ARM,2003,2.518385874
Armenia,ARM,2004,2.766102382
Armenia,ARM,2005,1.945486789
Armenia,ARM,2006,2.670272097
Armenia,ARM,2007,2.625248205
Armenia,ARM,2008,3.335373527
Armenia,ARM,2009,3.358046711
Armenia,ARM,2010,1.946261631
Armenia,ARM,2011,2.469066251
Armenia,ARM,2012,2.255439252
Armenia,ARM,2013,2.177287162
Armenia,ARM,2014,2.477444928
Armenia,ARM,2015,2.5711788
Armenia,ARM,2016,2.978125769
Aruba,ABW,2001,4.305797757
Aruba,ABW,2002,5.263601145
Aruba,ABW,2003,4.122988755
Aruba,ABW,2004,2.025583115
Aruba,ABW,2005,5.998140576
Aruba,ABW,2006,4.958743256
Aruba,ABW,2007,2.963841138
Aruba,ABW,2008,4.933253086
Aruba,ABW,2009,3.942712389
Aruba,ABW,2010,3.934335933
Aruba,ABW,2011,1.959766004
Aruba,ABW,2012,3.899509637
Aruba,ABW,2013,5.814685959
Aruba,ABW,2014,1.92687509
Australia,AUS,1995,1.799274285
Australia,AUS,1996,1.703090514
Australia,AUS,1997,1.732779211
Australia,AUS,1998,1.52122688
Australia,AUS,1999,1.810227564
Australia,AUS,2000,1.898684018
Australia,AUS,2001,1.800863615
Australia,AUS,2002,1.879314046
Australia,AUS,2003,1.731230567
Australia,AUS,2004,1.513903676
Australia,AUS,2005,1.279713629
Australia,AUS,2006,1.365827653
Australia,AUS,2007,1.217377622
Australia,AUS,2008,1.222912431
Australia,AUS,2009,1.209805033
Australia,AUS,2010,1.044300776
Australia,AUS,2011,1.103212711
Australia,AUS,2012,1.064769117
Australia,AUS,2013,1.058282009
Australia,AUS,2014,1.03515841
Australia,AUS,2015,0.991615138
Australia,AUS,2016,0.941156078
Austria,AUT,1995,1.033315087
Austria,AUT,1996,1.243646099
Austria,AUT,1997,0.827944066
Austria,AUT,1998,0.965382027
Austria,AUT,1999,0.751437688
Austria,AUT,2000,1.016200214
Austria,AUT,2001,0.864437866
Austria,AUT,2002,0.799074352
Austria,AUT,2003,0.611557059
Austria,AUT,2004,0.71804065
Austria,AUT,2005,0.654255996
Austria,AUT,2006,0.736293919
Austria,AUT,2007,0.541400082
Austria,AUT,2008,0.695572668
Austria,AUT,2009,0.60931623
Austria,AUT,2010,0.689659355
Austria,AUT,2011,0.886539074
Austria,AUT,2012,0.927496974
Austria,AUT,2013,0.722797572
Austria,AUT,2014,0.521242364
Austria,AUT,2015,0.530035926
Austria,AUT,2016,0.65521965
Azerbaijan,AZE,2000,2.78231203
Azerbaijan,AZE,2001,2.659419058
Azerbaijan,AZE,2002,2.561309844
Azerbaijan,AZE,2003,2.188639431
Azerbaijan,AZE,2004,2.379012987
Azerbaijan,AZE,2005,2.248610605
Azerbaijan,AZE,2006,2.201572502
Azerbaijan,AZE,2007,2.166361924
Azerbaijan,AZE,2008,2.176399935
Azerbaijan,AZE,2010,2.280664054
Azerbaijan,AZE,2012,2.180267778
Azerbaijan,AZE,2013,2.354748008
Azerbaijan,AZE,2014,2.483224817
Azerbaijan,AZE,2016,2.141251748
Bahamas,BHS,2000,24.8413844
Bahamas,BHS,2001,14.18509905
Bahamas,BHS,2002,16.81993291
Bahamas,BHS,2003,15.83551336
Bahamas,BHS,2004,13.64231101
Bahamas,BHS,2005,15.79351798
Bahamas,BHS,2006,18.163952
Bahamas,BHS,2007,22.7851651
Bahamas,BHS,2008,20.93634205
Bahamas,BHS,2009,24.51698717
Bahamas,BHS,2010,26.05090458
Bahamas,BHS,2011,34.64568648
Bahamas,BHS,2012,29.83558175
Bahamas,BHS,2013,31.5449051
Bahamas,BHS,2014,32.18471409
Bahamas,BHS,2015,37.74189712
Bahamas,BHS,2016,28.40055737
Bahrain,BHR,2001,1.290231941
Bahrain,BHR,2002,1.08821625
Bahrain,BHR,2003,0.385252038
Bahrain,BHR,2004,0.843527971
Bahrain,BHR,2005,0.449858744
Bahrain,BHR,2006,0.730373304
Bahrain,BHR,2007,0.386141013
Bahrain,BHR,2008,0.538314537
Bahrain,BHR,2009,1.097019567
Bahrain,BHR,2010,0.886480527
Bahrain,BHR,2011,0.547615564
Bahrain,BHR,2012,0.307640955
Bahrain,BHR,2013,0.380109335
Bahrain,BHR,2014,0.523796447
Bangladesh,BGD,2000,2.540635674
Bangladesh,BGD,2001,2.742582872
Bangladesh,BGD,2002,2.564409147
Bangladesh,BGD,2003,2.496780998
Bangladesh,BGD,2004,2.761354
Bangladesh,BGD,2005,2.504338302
Bangladesh,BGD,2006,2.86583009
Bangladesh,BGD,2007,2.625405219
Bangladesh,BGD,2008,2.754596672
Bangladesh,BGD,2009,2.804166155
Bangladesh,BGD,2010,2.621113071
Bangladesh,BGD,2011,2.576798537
Bangladesh,BGD,2012,2.641801743
Bangladesh,BGD,2013,2.787944393
Bangladesh,BGD,2014,2.831775728
Bangladesh,BGD,2015,2.503087979
Barbados,BRB,1998,7.520465066
Barbados,BRB,1999,8.622046949
Barbados,BRB,2000,7.411607318
Barbados,BRB,2001,9.235827623
Barbados,BRB,2002,9.208849336
Barbados,BRB,2003,12.12085595
Barbados,BRB,2004,8.055922751
Barbados,BRB,2005,10.58359397
Barbados,BRB,2006,12.72546802
Barbados,BRB,2007,9.053050878
Barbados,BRB,2008,8.293697871
Barbados,BRB,2009,6.822997091
Barbados,BRB,2010,11.08849694
Barbados,BRB,2011,9.62220377
Barbados,BRB,2012,7.812916171
Barbados,BRB,2013,8.495304574
Barbados,BRB,2014,8.821920709
Barbados,BRB,2015,10.90715897
Belarus,BLR,1995,9.343764998
Belarus,BLR,1996,9.468630233
Belarus,BLR,1997,10.00550548
Belarus,BLR,1998,10.19945145
Belarus,BLR,1999,9.636391446
Belarus,BLR,2000,10.19770357
Belarus,BLR,2001,9.814684774
Belarus,BLR,2002,10.08449769
Belarus,BLR,2003,9.024590623
Belarus,BLR,2004,8.422116913
Belarus,BLR,2005,8.574508268
Belarus,BLR,2006,7.665761919
Belarus,BLR,2007,6.805172015
Belarus,BLR,2008,5.690345692
Belarus,BLR,2009,5.133752165
Belarus,BLR,2010,4.233051774
Belarus,BLR,2011,3.939377937
Belarus,BLR,2012,3.58962935
Belarus,BLR,2013,3.513065121
Belarus,BLR,2014,3.584663586
Belgium,BEL,2000,2.061849053
Belgium,BEL,2001,2.732817916
Belgium,BEL,2002,3.077699367
Belgium,BEL,2003,2.207498739
Belgium,BEL,2004,2.557223359
Belgium,BEL,2005,2.095405222
Belgium,BEL,2006,2.081064134
Belgium,BEL,2007,1.972361697
Belgium,BEL,2008,1.88326136
Belgium,BEL,2009,1.74028502
Belgium,BEL,2010,1.727804274
Belgium,BEL,2011,1.943143441
Belgium,BEL,2012,1.849587903
Belgium,BEL,2013,1.838315737
Belgium,BEL,2014,1.853971077
Belgium,BEL,2015,1.94898272
Belize,BLZ,2000,16.57804824
Belize,BLZ,2001,25.09961409
Belize,BLZ,2002,33.18001876
Belize,BLZ,2003,24.89503214
Belize,BLZ,2004,28.61396144
Belize,BLZ,2005,28.59392044
Belize,BLZ,2006,31.64263088
Belize,BLZ,2007,32.50593987
Belize,BLZ,2008,33.64199043
Belize,BLZ,2009,30.8987064
Belize,BLZ,2010,40.11094251
Belize,BLZ,2011,37.66798707
Belize,BLZ,2012,43.06491516
Belize,BLZ,2013,28.76393525
Belize,BLZ,2014,34.97358499
Belize,BLZ,2015,33.12106166
Belize,BLZ,2016,37.59916781
Benin,BEN,2000,7.314070029
Benin,BEN,2005,7.186413893
Benin,BEN,2010,6.568058715
Benin,BEN,2015,6.182763481
Bermuda,BMU,1996,6.482877101
Bermuda,BMU,1997,3.226326827
Bermuda,BMU,1998,0
Bermuda,BMU,1999,3.197186476
Bermuda,BMU,2000,0
Bermuda,BMU,2001,4.663961569
Bermuda,BMU,2002,1.547748027
Bermuda,BMU,2003,3.083089255
Bermuda,BMU,2004,1.536924614
Bermuda,BMU,2005,3.070781514
Bermuda,BMU,2006,4.610915574
Bermuda,BMU,2007,4.623066017
Bermuda,BMU,2008,7.736943907
Bermuda,BMU,2009,9.330824378
Bermuda,BMU,2010,10.9450247
Bermuda,BMU,2011,12.58237524
Bermuda,BMU,2012,9.496826477
Bermuda,BMU,2013,7.965461758
Bermuda,BMU,2014,6.412106056
Bermuda,BMU,2015,6.451300744
Bermuda,BMU,2016,12.96012494
Bhutan,BTN,2000,3.139082272
Bhutan,BTN,2001,3.222523745
Bhutan,BTN,2002,3.13325055
Bhutan,BTN,2003,0.802009515
Bhutan,BTN,2004,2.34271774
Bhutan,BTN,2005,1.675197483
Bhutan,BTN,2006,1.338831468
Bhutan,BTN,2007,2.037970298
Bhutan,BTN,2008,2.567943505
Bhutan,BTN,2009,2.239459842
Bhutan,BTN,2010,2.198886539
Bhutan,BTN,2011,4.321346099
Bhutan,BTN,2012,4.382662188
Bhutan,BTN,2013,3.137414849
Bhutan,BTN,2015,1.524030145
Bhutan,BTN,2016,1.129291307
Bolivia,BOL,2005,5.238121382
Bolivia,BOL,2006,5.192100166
Bolivia,BOL,2007,8.155532141
Bolivia,BOL,2008,8.625130275
Bolivia,BOL,2009,8.392470018
Bolivia,BOL,2010,12.83493587
Bolivia,BOL,2011,12.26392077
Bolivia,BOL,2012,11.92498802
Bolivia,BOL,2013,8.961310982
Bolivia,BOL,2014,8.918631125
Bolivia,BOL,2015,6.256582349
Bolivia,BOL,2016,6.300191217
Bosnia and Herzegovina,BIH,2000,2.628291138
Bosnia and Herzegovina,BIH,2001,2.174325773
Bosnia and Herzegovina,BIH,2002,2.383596407
Bosnia and Herzegovina,BIH,2004,1.798329511
Bosnia and Herzegovina,BIH,2005,1.851102596
Bosnia and Herzegovina,BIH,2006,1.93148877
Bosnia and Herzegovina,BIH,2007,1.748807631
Bosnia and Herzegovina,BIH,2008,1.753640598
Bosnia and Herzegovina,BIH,2009,1.89507124
Bosnia and Herzegovina,BIH,2010,1.504533482
Bosnia and Herzegovina,BIH,2011,1.382539074
Bosnia and Herzegovina,BIH,2012,1.726879009
Bosnia and Herzegovina,BIH,2013,1.276005902
Bosnia and Herzegovina,BIH,2014,1.402130453
Bosnia and Herzegovina,BIH,2015,1.61200873
Bosnia and Herzegovina,BIH,2016,1.275363219
Botswana,BWA,2001,12.13720166
Botswana,BWA,2002,14.32622097
Botswana,BWA,2003,17.29165085
Botswana,BWA,2004,14.15818906
Botswana,BWA,2005,15.68012967
Botswana,BWA,2006,13.85175333
Botswana,BWA,2007,14.62588552
Botswana,BWA,2008,14.43727262
Botswana,BWA,2009,14.59682951
Botswana,BWA,2010,15.0382209
Brazil,BRA,2000,23.72957362
Brazil,BRA,2001,24.73954663
Brazil,BRA,2002,25.30378561
Brazil,BRA,2003,25.66147675
Brazil,BRA,2004,24.02267725
Brazil,BRA,2005,23.3496643
Brazil,BRA,2006,23.85354439
Brazil,BRA,2007,23.36061646
Brazil,BRA,2008,23.77719498
Brazil,BRA,2009,22.84192642
Brazil,BRA,2010,21.98822174
Brazil,BRA,2011,24.20091677
Brazil,BRA,2012,26.45280214
Brazil,BRA,2013,26.75923426
Brazil,BRA,2014,27.95657613
Brazil,BRA,2015,28.38337623
Brazil,BRA,2016,29.5279565
British Virgin Islands,VGB,1996,10.8
British Virgin Islands,VGB,1997,0
British Virgin Islands,VGB,1998,0
British Virgin Islands,VGB,1999,5
British Virgin Islands,VGB,2001,4.742708086
British Virgin Islands,VGB,2002,4.64489758
British Virgin Islands,VGB,2003,9.090909091
British Virgin Islands,VGB,2004,17.74544164
British Virgin Islands,VGB,2006,8.366450533
Brunei,BRN,2000,1.200332492
Brunei,BRN,2003,0.848922858
Brunei,BRN,2004,0.556292643
Brunei,BRN,2005,0.547708115
Brunei,BRN,2006,0.810263336
Brunei,BRN,2007,0.800290239
Brunei,BRN,2008,0.263676922
Brunei,BRN,2009,0.781714143
Brunei,BRN,2010,0.257292969
Brunei,BRN,2011,0.253798733
Brunei,BRN,2012,1.000630397
Brunei,BRN,2013,0.492955664
Bulgaria,BGR,1995,5.911478128
Bulgaria,BGR,1996,5.294323917
Bulgaria,BGR,1997,4.854837907
Bulgaria,BGR,1998,4.686183164
Bulgaria,BGR,1999,4.053530904
Bulgaria,BGR,2000,4.151148311
Bulgaria,BGR,2001,3.883717464
Bulgaria,BGR,2002,3.24176471
Bulgaria,BGR,2003,3.165091831
Bulgaria,BGR,2004,3.151125933
Bulgaria,BGR,2005,2.589876861
Bulgaria,BGR,2006,2.439357379
Bulgaria,BGR,2007,2.339119769
Bulgaria,BGR,2008,2.290178689
Bulgaria,BGR,2009,2.01179448
Bulgaria,BGR,2010,1.998760228
Bulgaria,BGR,2011,1.740025744
Bulgaria,BGR,2012,1.928763513
Bulgaria,BGR,2013,1.500108517
Bulgaria,BGR,2014,1.60617102
Bulgaria,BGR,2015,1.797309219
Bulgaria,BGR,2016,1.136042013
Burkina Faso,BFA,2002,0.634502282
Burkina Faso,BFA,2003,0.640082386
Burkina Faso,BFA,2004,0.598592433
Burkina Faso,BFA,2005,0.46938108
Burkina Faso,BFA,2006,0.498945093
Burkina Faso,BFA,2007,0.659555582
Burkina Faso,BFA,2008,0.735207723
Burkina Faso,BFA,2009,0.508549611
Burkina Faso,BFA,2010,0.595954545
Burkina Faso,BFA,2011,0.509889874
Burkina Faso,BFA,2012,0.506903054
Burkina Faso,BFA,2013,0.714590168
Burkina Faso,BFA,2014,0.784716141
Burkina Faso,BFA,2015,0.3699486
Burundi,BDI,2008,4.152326326
Burundi,BDI,2009,4.429245222
Burundi,BDI,2010,3.958056013
Burundi,BDI,2011,3.859121925
Burundi,BDI,2012,5.364973803
Burundi,BDI,2013,5.416561721
Burundi,BDI,2014,5.701698075
Burundi,BDI,2015,4.519931328
Burundi,BDI,2016,6.020521997
Cambodia,KHM,1995,3.554407004
Cambodia,KHM,1996,4.729965237
Cambodia,KHM,1997,6.759759264
Cambodia,KHM,1998,6.615981408
Cambodia,KHM,1999,4.75278406
Cambodia,KHM,2000,4.698678133
Cambodia,KHM,2001,3.281603596
Cambodia,KHM,2002,3.363744486
Cambodia,KHM,2003,3.960126737
Cambodia,KHM,2004,3.911699096
Cambodia,KHM,2005,3.375985036
Cambodia,KHM,2006,2.968572686
Cambodia,KHM,2007,2.873501657
Cambodia,KHM,2008,2.39904747
Cambodia,KHM,2009,2.34914914
Cambodia,KHM,2010,2.313271469
Cambodia,KHM,2011,1.843459221
Cameroon,CMR,2000,3.005060679
Cameroon,CMR,2001,4.817531373
Cameroon,CMR,2002,6.409743905
Cameroon,CMR,2003,6.067644425
Cameroon,CMR,2008,4.104298258
Cameroon,CMR,2009,6.571451464
Cameroon,CMR,2010,5.002379761
Cameroon,CMR,2011,4.06911214
Cameroon,CMR,2012,4.174101192
Canada,CAN,1995,1.836046382
Canada,CAN,1996,1.943734991
Canada,CAN,1997,1.752079598
Canada,CAN,1998,1.680283159
Canada,CAN,1999,1.586370484
Canada,CAN,2000,1.776431652
Canada,CAN,2001,1.785672153
Canada,CAN,2002,1.858184804
Canada,CAN,2003,1.735814365
Canada,CAN,2004,1.956217229
Canada,CAN,2005,2.05649285
Canada,CAN,2006,1.862432239
Canada,CAN,2007,1.807998878
Canada,CAN,2008,1.838073067
Canada,CAN,2009,1.80527686
Canada,CAN,2010,1.627221758
Canada,CAN,2011,1.75455755
Canada,CAN,2012,1.570168855
Canada,CAN,2013,1.443746571
Canada,CAN,2014,1.463288808
Canada,CAN,2015,1.680124866
Canada,CAN,2016,1.684104545
Cape Verde,CPV,2003,3.259827838
Cape Verde,CPV,2004,4.490403367
Cape Verde,CPV,2005,9.271609699
Cape Verde,CPV,2006,7.279609813
Cape Verde,CPV,2007,5.961705294
Cape Verde,CPV,2008,6.914462004
Cape Verde,CPV,2009,7.646444504
Cape Verde,CPV,2010,7.762986082
Cape Verde,CPV,2011,10.43169503
Cape Verde,CPV,2012,10.89538678
Cape Verde,CPV,2013,10.38249895
Cape Verde,CPV,2014,12.34715645
Cape Verde,CPV,2015,8.63180294
Cape Verde,CPV,2016,11.48582908
Caribbean small states,,2012,29
Caribbean small states,,2014,27.4
Caribbean small states,,2015,31.5
Cayman Islands,CYM,1998,2.8
Cayman Islands,CYM,2000,9.595317485
Cayman Islands,CYM,2001,4.617231508
Cayman Islands,CYM,2002,0
Cayman Islands,CYM,2003,6.517771791
Cayman Islands,CYM,2004,10.57104801
Cayman Islands,CYM,2005,6.170046481
Cayman Islands,CYM,2006,1.998760768
Cayman Islands,CYM,2007,3.884777499
Cayman Islands,CYM,2008,7.557722103
Cayman Islands,CYM,2009,14.73866505
Cayman Islands,CYM,2010,16.21417119
Cayman Islands,CYM,2013,8.565897449
Cayman Islands,CYM,2014,8.44994254
Central African Republic,CAF,2016,19.75737596
Central Europe and the Baltics,,2012,1.6
Central Europe and the Baltics,,2014,1.3
Central Europe and the Baltics,,2015,1.3
Chad,TCD,2000,11.37777085
Chad,TCD,2005,10.71924482
Chad,TCD,2010,9.683680595
Chad,TCD,2015,9.040300293
Channel Islands,OWID_CIS,2005,0.648113342
Channel Islands,OWID_CIS,2006,1.286910193
Channel Islands,OWID_CIS,2008,0.634594272
Channel Islands,OWID_CIS,2010,0
Chile,CHL,2003,3.246929563
Chile,CHL,2005,3.567211971
Chile,CHL,2006,3.615242155
Chile,CHL,2007,3.735215203
Chile,CHL,2008,3.529000401
Chile,CHL,2009,3.743439622
Chile,CHL,2010,3.183597541
Chile,CHL,2011,3.707729047
Chile,CHL,2012,2.50725805
Chile,CHL,2013,3.183877759
Chile,CHL,2014,3.622160309
Chile,CHL,2015,3.006302934
Chile,CHL,2016,3.462782804
China,CHN,2000,2.093040065
China,CHN,2001,2.009318462
China,CHN,2002,2.023337255
China,CHN,2003,1.867272454
China,CHN,2004,1.880582905
China,CHN,2005,1.571551971
China,CHN,2006,1.352157466
China,CHN,2007,1.20578949
China,CHN,2008,1.10166857
China,CHN,2009,1.084782645
China,CHN,2010,0.986207
China,CHN,2011,0.878623284
China,CHN,2012,0.820681452
China,CHN,2013,0.76945706
China,CHN,2014,0.72533808
China,CHN,2015,0.658540585
China,CHN,2016,0.615600712
Colombia,COL,1995,69.67263381
Colombia,COL,1996,71.78689966
Colombia,COL,1997,67.18454989
Colombia,COL,1998,60.08465495
Colombia,COL,1999,62.29244855
Colombia,COL,2000,65.68415896
Colombia,COL,2001,67.92081243
Colombia,COL,2002,68.28313463
Colombia,COL,2003,55.80498134
Colombia,COL,2004,47.30344278
Colombia,COL,2005,41.84067166
Colombia,COL,2006,39.87387273
Colombia,COL,2007,38.75643015
Colombia,COL,2008,35.94531181
Colombia,COL,2009,34.82679444
Colombia,COL,2010,33.66646488
Colombia,COL,2011,34.75148797
Colombia,COL,2012,35.06715606
Colombia,COL,2013,32.56871383
Colombia,COL,2014,27.91895055
Colombia,COL,2015,26.50289308
Colombia,COL,2016,25.50432615
Comoros,COM,2000,10.36277285
Comoros,COM,2005,9.537281418
Comoros,COM,2010,8.529913431
Comoros,COM,2015,7.703229868
Congo,COG,2000,11.334709
Congo,COG,2005,10.63963123
Congo,COG,2010,9.867432595
Congo,COG,2015,9.32245141
Costa Rica,CRI,1995,5.304247607
Costa Rica,CRI,1996,5.313324497
Costa Rica,CRI,1997,5.756163961
Costa Rica,CRI,1998,5.988379336
Costa Rica,CRI,1999,6.394355846
Costa Rica,CRI,2000,6.343233108
Costa Rica,CRI,2001,6.430147333
Costa Rica,CRI,2002,6.349668882
Costa Rica,CRI,2003,7.27101572
Costa Rica,CRI,2004,6.687304964
Costa Rica,CRI,2005,7.886359212
Costa Rica,CRI,2006,8.146130913
Costa Rica,CRI,2007,8.444962077
Costa Rica,CRI,2008,11.55884581
Costa Rica,CRI,2009,11.6971755
Costa Rica,CRI,2010,11.59444523
Costa Rica,CRI,2011,10.30328614
Costa Rica,CRI,2012,8.744936209
Costa Rica,CRI,2013,8.732787538
Costa Rica,CRI,2014,10.02611625
Costa Rica,CRI,2015,11.58521519
Costa Rica,CRI,2016,11.9049816
Cote d'Ivoire,CIV,2000,16.06773427
Cote d'Ivoire,CIV,2005,14.70498526
Cote d'Ivoire,CIV,2010,12.62864609
Cote d'Ivoire,CIV,2015,11.63052429
Croatia,HRV,1995,3.555364413
Croatia,HRV,1996,2.619877656
Croatia,HRV,1997,2.551136229
Croatia,HRV,1998,2.858550623
Croatia,HRV,1999,2.665173582
Croatia,HRV,2000,2.280902388
Croatia,HRV,2001,1.837534709
Croatia,HRV,2002,1.660668922
Croatia,HRV,2003,1.572131441
Croatia,HRV,2004,1.893282724
Croatia,HRV,2005,1.553200427
Croatia,HRV,2006,1.693093027
Croatia,HRV,2007,1.421279674
Croatia,HRV,2008,1.631273395
Croatia,HRV,2009,1.128750331
Croatia,HRV,2010,1.432481708
Croatia,HRV,2011,1.136002444
Croatia,HRV,2012,1.187005502
Croatia,HRV,2013,1.075317581
Croatia,HRV,2014,0.845560093
Croatia,HRV,2015,0.873462234
Croatia,HRV,2016,1.044634477
Cuba,CUB,2000,5.264226505
Cuba,CUB,2001,5.408284347
Cuba,CUB,2002,5.892316971
Cuba,CUB,2003,5.709262478
Cuba,CUB,2004,5.857845532
Cuba,CUB,2005,6.061544349
Cuba,CUB,2006,5.099044965
Cuba,CUB,2007,5.024909129
Cuba,CUB,2008,4.553591528
Cuba,CUB,2009,4.991782554
Cuba,CUB,2010,4.45599336
Cuba,CUB,2011,4.702918654
Cuba,CUB,2012,5.455913147
Cuba,CUB,2013,5.905977366
Cuba,CUB,2014,5.244862068
Cuba,CUB,2015,5.400721306
Cuba,CUB,2016,4.987686431
Curacao,CUW,2001,7.67595201
Curacao,CUW,2002,30.27268705
Curacao,CUW,2003,33.58823943
Curacao,CUW,2004,31.9920098
Curacao,CUW,2005,20.0936674
Curacao,CUW,2006,13.64690898
Curacao,CUW,2007,19.18847511
Cyprus,CYP,2000,0.848099092
Cyprus,CYP,2001,0.728952537
Cyprus,CYP,2002,0.204715415
Cyprus,CYP,2003,1.409070185
Cyprus,CYP,2004,1.583515603
Cyprus,CYP,2005,1.946172754
Cyprus,CYP,2006,1.434707879
Cyprus,CYP,2007,1.222135315
Cyprus,CYP,2008,0.832129058
Cyprus,CYP,2009,1.730299178
Cyprus,CYP,2010,0.719031967
Cyprus,CYP,2011,0.800117351
Cyprus,CYP,2012,1.938220115
Cyprus,CYP,2013,1.049046417
Cyprus,CYP,2014,0.954605058
Cyprus,CYP,2015,1.292006357
Cyprus,CYP,2016,1.11086767
Czech Republic,CZE,1995,1.705535927
Czech Republic,CZE,1996,1.677979937
Czech Republic,CZE,1997,1.816242139
Czech Republic,CZE,1998,1.692819924
Czech Republic,CZE,1999,1.67635852
Czech Republic,CZE,2000,1.759058715
Czech Republic,CZE,2001,1.382505887
Czech Republic,CZE,2002,1.453312719
Czech Republic,CZE,2003,1.591909273
Czech Republic,CZE,2004,1.308653048
Czech Republic,CZE,2005,1.052818747
Czech Republic,CZE,2006,1.262345741
Czech Republic,CZE,2007,1.216617136
Czech Republic,CZE,2008,1.093651697
Czech Republic,CZE,2009,0.896361108
Czech Republic,CZE,2010,0.977574071
Czech Republic,CZE,2011,0.813722387
Czech Republic,CZE,2012,0.991805327
Czech Republic,CZE,2013,0.849498904
Czech Republic,CZE,2014,0.764257218
Czech Republic,CZE,2015,0.829894145
Czech Republic,CZE,2016,0.612647102
Democratic Republic of Congo,COD,2000,14.05687
Democratic Republic of Congo,COD,2005,14.64962477
Democratic Republic of Congo,COD,2010,14.27807775
Democratic Republic of Congo,COD,2015,13.5463884
Denmark,DNK,1995,1.146490097
Denmark,DNK,1996,1.312981986
Denmark,DNK,1997,1.667433433
Denmark,DNK,1998,0.924589534
Denmark,DNK,1999,0.977353957
Denmark,DNK,2000,1.08589952
Denmark,DNK,2001,0.970500155
Denmark,DNK,2002,1.042286882
Denmark,DNK,2003,1.20661567
Denmark,DNK,2004,0.795889361
Denmark,DNK,2005,0.977552805
Denmark,DNK,2006,0.5326669
Denmark,DNK,2007,0.712985495
Denmark,DNK,2008,0.98221196
Denmark,DNK,2009,0.850455998
Denmark,DNK,2010,0.756096841
Denmark,DNK,2011,0.82394853
Denmark,DNK,2012,0.837691109
Denmark,DNK,2013,0.851393367
Denmark,DNK,2014,1.288861377
Denmark,DNK,2015,0.984408551
Denmark,DNK,2016,0.980681382
Djibouti,DJI,2000,8.939955749
Djibouti,DJI,2005,8.106186611
Djibouti,DJI,2010,7.415197036
Djibouti,DJI,2015,6.48470718
Dominica,DMA,2000,2.870428842
Dominica,DMA,2001,1.435338022
Dominica,DMA,2002,12.88955087
Dominica,DMA,2003,11.4134079
Dominica,DMA,2004,11.3670271
Dominica,DMA,2005,11.32711286
Dominica,DMA,2006,7.061448727
Dominica,DMA,2007,9.866102889
Dominica,DMA,2008,9.848889889
Dominica,DMA,2009,18.25099328
Dominica,DMA,2010,20.99664054
Dominica,DMA,2011,8.366100561
Dominican Republic,DOM,1995,12.7205747
Dominican Republic,DOM,1996,12.81228708
Dominican Republic,DOM,1997,12.6730333
Dominican Republic,DOM,1998,13.46598308
Dominican Republic,DOM,1999,12.60320798
Dominican Republic,DOM,2000,14.13118552
Dominican Republic,DOM,2001,12.59036606
Dominican Republic,DOM,2002,14.48096387
Dominican Republic,DOM,2003,21.20930979
Dominican Republic,DOM,2004,24.59629234
Dominican Republic,DOM,2005,25.91591768
Dominican Republic,DOM,2006,22.87826989
Dominican Republic,DOM,2007,22.21087537
Dominican Republic,DOM,2008,24.84299311
Dominican Republic,DOM,2009,24.31468921
Dominican Republic,DOM,2010,24.99498635
Dominican Republic,DOM,2011,25.06209426
Dominican Republic,DOM,2012,22.33393567
Dominican Republic,DOM,2013,19.2388197
Dominican Republic,DOM,2014,17.39407202
Dominican Republic,DOM,2016,15.1817049
Early-demographic dividend,,2012,6.8
Early-demographic dividend,,2014,6.3
Early-demographic dividend,,2015,6
East Asia & Pacific,,2012,2
East Asia & Pacific,,2014,1.5
East Asia & Pacific,,2015,1.4
East Asia & Pacific (IDA & IBRD),,2012,2.1
East Asia & Pacific (IDA & IBRD),,2014,1.5
East Asia & Pacific (IDA & IBRD),,2015,1.4
East Asia & Pacific (excluding high income),,2012,2.1
East Asia & Pacific (excluding high income),,2014,1.6
East Asia & Pacific (excluding high income),,2015,1.5
Ecuador,ECU,2000,14.51467764
Ecuador,ECU,2001,12.89995802
Ecuador,ECU,2002,14.58071643
Ecuador,ECU,2003,14.57530591
Ecuador,ECU,2004,17.6910618
Ecuador,ECU,2005,15.44203873
Ecuador,ECU,2006,17.07537795
Ecuador,ECU,2007,16.00089768
Ecuador,ECU,2008,18.04456697
Ecuador,ECU,2009,17.86774803
Ecuador,ECU,2010,17.56313656
Ecuador,ECU,2011,15.44406123
Ecuador,ECU,2012,12.47108725
Ecuador,ECU,2013,11.01423761
Ecuador,ECU,2014,8.243669541
Ecuador,ECU,2015,6.53478662
Ecuador,ECU,2016,5.853766682
Egypt,EGY,2003,0.636641844
Egypt,EGY,2004,0.427158249
Egypt,EGY,2005,0.679880939
Egypt,EGY,2006,0.702413878
Egypt,EGY,2007,0.854945292
Egypt,EGY,2008,1.194507278
Egypt,EGY,2009,1.10592343
Egypt,EGY,2010,2.186484775
Egypt,EGY,2011,3.146771536
Egypt,EGY,2012,2.513287942
El Salvador,SLV,1995,139.1320788
El Salvador,SLV,1996,117.2772815
El Salvador,SLV,1997,112.5686599
El Salvador,SLV,1998,94.99673108
El Salvador,SLV,1999,65.04718078
El Salvador,SLV,2000,60.51851294
El Salvador,SLV,2001,60.78603283
El Salvador,SLV,2002,47.72483828
El Salvador,SLV,2003,56.19995529
El Salvador,SLV,2004,64.94161171
El Salvador,SLV,2005,64.38920404
El Salvador,SLV,2006,64.83966424
El Salvador,SLV,2007,57.48359285
El Salvador,SLV,2008,52.02689687
El Salvador,SLV,2009,71.39975455
El Salvador,SLV,2010,64.67545639
El Salvador,SLV,2011,70.58470164
El Salvador,SLV,2012,41.69582749
El Salvador,SLV,2013,40.20300196
El Salvador,SLV,2014,62.42448683
El Salvador,SLV,2015,105.4419516
El Salvador,SLV,2016,82.8422575
Equatorial Guinea,GNQ,2000,3.292607867
Equatorial Guinea,GNQ,2005,2.887224677
Equatorial Guinea,GNQ,2010,2.592428999
Equatorial Guinea,GNQ,2015,2.305233807
Eritrea,ERI,2000,9.876460365
Eritrea,ERI,2005,9.619670245
Eritrea,ERI,2010,8.867043671
Eritrea,ERI,2015,8.044168497
Estonia,EST,1995,17.07491445
Estonia,EST,1996,15.07332043
Estonia,EST,1997,12.68539925
Estonia,EST,1998,14.09652089
Estonia,EST,1999,11.37712488
Estonia,EST,2000,10.2207686
Estonia,EST,2001,9.843870466
Estonia,EST,2002,10.26952439
Estonia,EST,2003,10.70719181
Estonia,EST,2004,6.673682589
Estonia,EST,2005,8.33549712
Estonia,EST,2006,6.744252748
Estonia,EST,2007,7.14247451
Estonia,EST,2008,6.419290116
Estonia,EST,2009,5.240187748
Estonia,EST,2010,5.254852857
Estonia,EST,2011,4.892924004
Estonia,EST,2012,4.754953832
Estonia,EST,2013,3.934743788
Estonia,EST,2014,3.109926811
Estonia,EST,2015,3.193136884
Ethiopia,ETH,2000,10.69071411
Ethiopia,ETH,2005,9.402390714
Ethiopia,ETH,2010,8.458941101
Ethiopia,ETH,2015,7.561612396
Euro area,,2012,1.1
Euro area,,2014,1
Euro area,,2015,1
Europe & Central Asia,,2012,3.1
Europe & Central Asia,,2014,3
Europe & Central Asia,,2015,3.3
Europe & Central Asia (IDA & IBRD),,2012,5.2
Europe & Central Asia (IDA & IBRD),,2014,5.1
Europe & Central Asia (IDA & IBRD),,2015,5.7
Europe & Central Asia (excluding high income),,2012,5.6
Europe & Central Asia (excluding high income),,2014,5.5
Europe & Central Asia (excluding high income),,2015,6.2
European Union,,2012,1.1
European Union,,2014,1
European Union,,2015,1
Fiji,FJI,2003,3.061369436
Fiji,FJI,2004,2.810519653
Fiji,FJI,2005,2.798676591
Fiji,FJI,2006,2.658896244
Fiji,FJI,2007,2.515536432
Fiji,FJI,2008,2.015794342
Fiji,FJI,2009,3.403887709
Fiji,FJI,2010,2.325716611
Fiji,FJI,2011,2.30657628
Fiji,FJI,2012,2.289387772
Fiji,FJI,2013,2.159790387
Fiji,FJI,2014,2.257830721
Finland,FIN,1995,2.858372349
Finland,FIN,1996,2.985262753
Finland,FIN,1997,2.704671123
Finland,FIN,1998,2.193738565
Finland,FIN,1999,2.770246775
Finland,FIN,2000,2.85276238
Finland,FIN,2001,2.999723679
Finland,FIN,2002,2.531950045
Finland,FIN,2003,1.970498764
Finland,FIN,2004,2.823250229
Finland,FIN,2005,2.262819012
Finland,FIN,2006,2.254825611
Finland,FIN,2007,2.434874653
Finland,FIN,2008,2.500046053
Finland,FIN,2009,2.246078067
Finland,FIN,2010,2.21775689
Finland,FIN,2011,2.041103369
Finland,FIN,2012,1.625721876
Finland,FIN,2013,1.637047752
Finland,FIN,2014,1.611805154
Finland,FIN,2015,1.495813728
Finland,FIN,2016,1.417769376
Fragile and conflict affected situations,,2012,12.7
Fragile and conflict affected situations,,2014,7.5
Fragile and conflict affected situations,,2015,7.7
France,FRA,1995,2.309640462
France,FRA,1996,2.016963507
France,FRA,1997,1.652639567
France,FRA,1998,1.642843498
France,FRA,1999,1.622084257
France,FRA,2000,1.763180204
France,FRA,2001,1.747584911
France,FRA,2002,1.858030034
France,FRA,2003,1.630055192
France,FRA,2004,1.625973344
France,FRA,2005,1.593888353
France,FRA,2006,1.427112911
France,FRA,2007,1.602622297
France,FRA,2008,1.63806689
France,FRA,2009,1.306480121
France,FRA,2010,1.262956009
France,FRA,2011,1.351360375
France,FRA,2012,1.231932062
France,FRA,2013,1.215583556
France,FRA,2014,1.233824783
France,FRA,2015,1.57779113
France,FRA,2016,1.352186846
French Polynesia,PYF,2006,1.163548357
French Polynesia,PYF,2007,2.686170825
French Polynesia,PYF,2008,3.419725738
French Polynesia,PYF,2009,0.37653296
Gabon,GAB,2000,10.84645347
Gabon,GAB,2005,11.0110771
Gabon,GAB,2010,8.717588692
Gabon,GAB,2015,8.042836801
Gambia,GMB,2000,12.39063954
Gambia,GMB,2005,9.814453786
Gambia,GMB,2010,9.816164105
Gambia,GMB,2015,9.128507795
Georgia,GEO,1995,7.71314365
Georgia,GEO,1996,5.408289827
Georgia,GEO,1997,5.787308493
Georgia,GEO,1998,4.996202475
Georgia,GEO,1999,5.077895753
Georgia,GEO,2000,5.061351415
Georgia,GEO,2001,5.629085635
Georgia,GEO,2002,6.313677328
Georgia,GEO,2003,6.595208385
Georgia,GEO,2004,6.573535695
Georgia,GEO,2005,8.982408966
Georgia,GEO,2006,7.276584088
Georgia,GEO,2007,7.516168303
Georgia,GEO,2008,6.059190225
Georgia,GEO,2009,4.897735287
Georgia,GEO,2010,4.419068541
Georgia,GEO,2014,2.705176355
Georgia,GEO,2016,0.98961704
Germany,DEU,1995,1.716110818
Germany,DEU,1996,1.681258396
Germany,DEU,1997,1.536573753
Germany,DEU,1998,1.211893552
Germany,DEU,1999,1.238742848
Germany,DEU,2000,1.245585886
Germany,DEU,2001,1.134470325
Germany,DEU,2002,1.170172946
Germany,DEU,2003,1.051581415
Germany,DEU,2004,1.062219911
Germany,DEU,2005,1.064022126
Germany,DEU,2006,0.99092041
Germany,DEU,2007,0.930610429
Germany,DEU,2008,0.889919388
Germany,DEU,2009,0.991779078
Germany,DEU,2010,0.980285688
Germany,DEU,2011,0.911854329
Germany,DEU,2012,0.812915583
Germany,DEU,2013,0.839228245
Germany,DEU,2014,0.878639081
Germany,DEU,2015,0.834681746
Germany,DEU,2016,1.176192851
Ghana,GHA,2001,2.229475885
Ghana,GHA,2002,2.012595334
Ghana,GHA,2003,2.132364888
Ghana,GHA,2004,2.153761821
Ghana,GHA,2005,1.824342381
Ghana,GHA,2006,1.863121611
Ghana,GHA,2007,1.757692836
Ghana,GHA,2008,1.845601288
Ghana,GHA,2009,1.786324544
Ghana,GHA,2010,1.72159844
Ghana,GHA,2011,1.683796811
Gibraltar,GIB,2009,0
Gibraltar,GIB,2010,3.013046491
Greece,GRC,1995,1.414942865
Greece,GRC,1996,1.571414611
Greece,GRC,1997,1.875307047
Greece,GRC,1998,1.616962822
Greece,GRC,1999,1.417128346
Greece,GRC,2001,1.180215511
Greece,GRC,2002,0.838028746
Greece,GRC,2003,1.085064909
Greece,GRC,2004,0.984874108
Greece,GRC,2005,1.168017142
Greece,GRC,2006,0.970122862
Greece,GRC,2007,1.142264973
Greece,GRC,2008,1.260984687
Greece,GRC,2009,1.328226884
Greece,GRC,2010,1.537654404
Greece,GRC,2011,1.610812756
Greece,GRC,2012,1.458922926
Greece,GRC,2013,1.351434906
Greece,GRC,2014,0.949867755
Greece,GRC,2015,0.829039562
Greece,GRC,2016,0.750351339
Greenland,GRL,2000,23.14196707
Greenland,GRL,2001,30.18090791
Greenland,GRL,2002,21.23217382
Greenland,GRL,2003,8.817098117
Greenland,GRL,2004,19.34542129
Greenland,GRL,2005,17.55895419
Greenland,GRL,2006,14.04223201
Greenland,GRL,2007,14.05308553
Greenland,GRL,2008,14.07434774
Greenland,GRL,2009,17.62797913
Greenland,GRL,2010,19.42158975
Greenland,GRL,2011,1.768284057
Greenland,GRL,2012,14.16681424
Greenland,GRL,2013,12.40826745
Greenland,GRL,2014,7.094462772
Greenland,GRL,2015,7.09509197
Greenland,GRL,2016,5.313722156
Grenada,GRD,2000,14.7610191
Grenada,GRD,2001,5.891074041
Grenada,GRD,2002,13.71204701
Grenada,GRD,2003,8.791208791
Grenada,GRD,2004,5.844763092
Grenada,GRD,2005,10.68490223
Grenada,GRD,2006,11.62126304
Grenada,GRD,2007,10.61919564
Grenada,GRD,2008,15.39497739
Grenada,GRD,2009,6.711666795
Grenada,GRD,2010,9.553196977
Grenada,GRD,2011,3.806804663
Grenada,GRD,2012,13.27253249
Grenada,GRD,2013,5.665240914
Grenada,GRD,2014,7.521624671
Grenada,GRD,2015,5.616767925
Grenada,GRD,2016,10.24931935
Guam,GUM,2000,1.287589568
Guam,GUM,2001,5.115056809
Guam,GUM,2002,1.272466995
Guam,GUM,2003,5.072472957
Guam,GUM,2004,5.692635627
Guam,GUM,2005,4.419136122
Guam,GUM,2006,6.933588826
Guam,GUM,2007,0.629504894
Guam,GUM,2008,0.628792404
Guam,GUM,2009,3.140092067
Guam,GUM,2010,1.881538346
Guam,GUM,2011,2.505041396
Guatemala,GTM,1995,32.54897947
Guatemala,GTM,1996,35.31962208
Guatemala,GTM,1997,38.14334092
Guatemala,GTM,1998,30.86778386
Guatemala,GTM,1999,24.19285615
Guatemala,GTM,2000,24.92544896
Guatemala,GTM,2001,27.08607653
Guatemala,GTM,2002,29.74072574
Guatemala,GTM,2003,33.89470387
Guatemala,GTM,2004,35.21939841
Guatemala,GTM,2005,40.76045042
Guatemala,GTM,2006,43.92771879
Guatemala,GTM,2007,42.19619941
Guatemala,GTM,2008,44.92243027
Guatemala,GTM,2009,45.38911421
Guatemala,GTM,2010,40.73704803
Guatemala,GTM,2011,38.00274789
Guatemala,GTM,2012,33.75667013
Guatemala,GTM,2013,33.6812511
Guatemala,GTM,2014,31.38745553
Guatemala,GTM,2015,29.3986825
Guatemala,GTM,2016,27.25501908
Guinea,GIN,2000,10.8573085
Guinea,GIN,2005,10.05225044
Guinea,GIN,2010,9.442717111
Guinea,GIN,2015,8.824580102
Guinea-Bissau,GNB,2000,13.01831243
Guinea-Bissau,GNB,2005,11.67776955
Guinea-Bissau,GNB,2010,10.47381381
Guinea-Bissau,GNB,2015,9.549855882
Guyana,GUY,1995,14.97295938
Guyana,GUY,1996,12.07149618
Guyana,GUY,1997,11.92200542
Guyana,GUY,1998,15.46974638
Guyana,GUY,1999,12.44025941
Guyana,GUY,2000,10.0889286
Guyana,GUY,2001,10.6345786
Guyana,GUY,2002,19.01889121
Guyana,GUY,2003,27.79783922
Guyana,GUY,2004,17.42827798
Guyana,GUY,2005,18.90948217
Guyana,GUY,2006,20.41085858
Guyana,GUY,2007,15.37702459
Guyana,GUY,2008,21.17071367
Guyana,GUY,2009,15.69010303
Guyana,GUY,2010,18.75277943
Guyana,GUY,2011,17.35415832
Guyana,GUY,2012,18.45726479
Guyana,GUY,2013,20.44636391
Guyana,GUY,2014,19.518125
Guyana,GUY,2015,19.3880658
Guyana,GUY,2016,18.37077608
Haiti,HTI,2007,5.085336871
Haiti,HTI,2008,5.131360246
Haiti,HTI,2009,6.069297575
Haiti,HTI,2010,6.770259301
Haiti,HTI,2011,9.009316264
Haiti,HTI,2012,10.03964347
Heavily indebted poor countries (HIPC),,2012,12.6
Heavily indebted poor countries (HIPC),,2014,8.3
Heavily indebted poor countries (HIPC),,2015,8.1
High income,,2012,2.4
High income,,2014,2.3
High income,,2015,2.4
Honduras,HND,1999,42.08425258
Honduras,HND,2000,48.67967867
Honduras,HND,2001,52.11367415
Honduras,HND,2002,52.78911731
Honduras,HND,2003,57.90593761
Honduras,HND,2004,50.51253076
Honduras,HND,2005,43.56181587
Honduras,HND,2006,41.34507544
Honduras,HND,2007,46.54920905
Honduras,HND,2008,56.58825774
Honduras,HND,2009,65.71233603
Honduras,HND,2010,76.09724144
Honduras,HND,2011,85.06154509
Honduras,HND,2012,84.32046196
Honduras,HND,2013,74.27996884
Honduras,HND,2014,66.87314739
Honduras,HND,2015,57.45004173
Honduras,HND,2016,56.51570309
Hong Kong,HKG,2000,0.570257699
Hong Kong,HKG,2001,0.981805946
Hong Kong,HKG,2002,1.02078692
Hong Kong,HKG,2003,0.766670928
Hong Kong,HKG,2004,0.661512067
Hong Kong,HKG,2005,0.49796705
Hong Kong,HKG,2006,0.510176119
Hong Kong,HKG,2007,0.260930184
Hong Kong,HKG,2008,0.518707847
Hong Kong,HKG,2009,0.673036937
Hong Kong,HKG,2010,0.498204968
Hong Kong,HKG,2011,0.240595034
Hong Kong,HKG,2012,0.379939263
Hong Kong,HKG,2013,0.867306207
Hong Kong,HKG,2014,0.375283391
Hong Kong,HKG,2015,0.303628317
Hong Kong,HKG,2016,0.383242083
Hungary,HUN,1995,2.865051339
Hungary,HUN,1996,2.62749839
Hungary,HUN,1997,2.808185755
Hungary,HUN,1998,2.815397046
Hungary,HUN,1999,2.4713253
Hungary,HUN,2000,2.005664584
Hungary,HUN,2001,2.49166054
Hungary,HUN,2002,1.996484613
Hungary,HUN,2003,2.248087055
Hungary,HUN,2004,2.066221714
Hungary,HUN,2005,1.625941299
Hungary,HUN,2006,1.730327986
Hungary,HUN,2007,1.536330168
Hungary,HUN,2008,1.811594022
Hungary,HUN,2009,1.395730591
Hungary,HUN,2010,1.39003046
Hungary,HUN,2011,1.46491222
Hungary,HUN,2012,1.256372544
Hungary,HUN,2013,1.564770791
Hungary,HUN,2014,1.487771486
Hungary,HUN,2015,2.258807176
Hungary,HUN,2016,2.071499338
IBRD only,,2012,5.8
IBRD only,,2014,5.6
IBRD only,,2015,5.6
IDA & IBRD total,,2012,7
IDA & IBRD total,,2014,5.9
IDA & IBRD total,,2015,5.9
IDA blend,,2012,11.9
IDA blend,,2014,8
IDA blend,,2015,7.7
IDA only,,2012,10.4
IDA only,,2014,6.7
IDA only,,2015,6.5
IDA total,,2012,10.9
IDA total,,2014,7.1
IDA total,,2015,6.9
Iceland,ISL,1995,0
Iceland,ISL,1996,0.370207205
Iceland,ISL,1997,0.733041094
Iceland,ISL,1998,0
Iceland,ISL,1999,0.718383063
Iceland,ISL,2000,1.782944354
Iceland,ISL,2001,0.353473049
Iceland,ISL,2002,1.401890449
Iceland,ISL,2003,0
Iceland,ISL,2004,1.030559525
Iceland,ISL,2005,1.017021551
Iceland,ISL,2006,0
Iceland,ISL,2007,0.655307995
Iceland,ISL,2008,0
Iceland,ISL,2009,0.316369596
Iceland,ISL,2010,0.624360031
Iceland,ISL,2011,0.927592156
Iceland,ISL,2012,0.307195124
Iceland,ISL,2013,0.305783279
Iceland,ISL,2014,0.608904003
Iceland,ISL,2015,0.90842198
Iceland,ISL,2016,0.300447727
India,IND,1995,4.36626278
India,IND,1996,4.395079846
India,IND,1997,4.352470695
India,IND,1998,4.473273534
India,IND,1999,4.233402404
India,IND,2000,4.87573767
India,IND,2001,4.610734582
India,IND,2002,4.469690045
India,IND,2003,4.000892223
India,IND,2004,4.128276621
India,IND,2005,3.941461758
India,IND,2006,3.881227606
India,IND,2007,3.845276037
India,IND,2008,3.842385573
India,IND,2009,3.773789604
India,IND,2010,3.774226545
India,IND,2011,3.819645912
India,IND,2012,3.758948904
India,IND,2013,3.588249344
India,IND,2014,3.660057954
India,IND,2015,3.390616482
India,IND,2016,3.223699409
Indonesia,IDN,2000,1.041881219
Indonesia,IDN,2003,0.741344584
Indonesia,IDN,2004,0.634573811
Indonesia,IDN,2008,0.580963841
Indonesia,IDN,2009,0.547755236
Indonesia,IDN,2010,0.436245264
Indonesia,IDN,2011,0.597051345
Indonesia,IDN,2012,0.585013297
Indonesia,IDN,2013,0.549929594
Indonesia,IDN,2014,0.500526953
Indonesia,IDN,2015,0.57754408
Indonesia,IDN,2016,0.495067929
Iran,IRN,2003,2.620155377
Iran,IRN,2004,2.894403817
Iran,IRN,2009,3.005934583
Iran,IRN,2013,2.630580356
Iran,IRN,2014,2.469038437
Iraq,IRQ,2008,15.78762037
Iraq,IRQ,2009,8.543334105
Iraq,IRQ,2010,8.747606395
Iraq,IRQ,2011,8.302063227
Iraq,IRQ,2012,8.228438539
Iraq,IRQ,2013,9.854457135
Ireland,IRL,1995,1.190819722
Ireland,IRL,1996,1.154335478
Ireland,IRL,1997,1.035461843
Ireland,IRL,1998,1.025174232
Ireland,IRL,1999,1.013078038
Ireland,IRL,2000,0.961344594
Ireland,IRL,2001,1.330163792
Ireland,IRL,2002,1.307752356
Ireland,IRL,2003,0.913682444
Ireland,IRL,2004,0.726612347
Ireland,IRL,2005,1.234281602
Ireland,IRL,2006,1.440731334
Ireland,IRL,2007,1.773503987
Ireland,IRL,2008,1.113687689
Ireland,IRL,2009,1.225902264
Ireland,IRL,2010,1.14546844
Ireland,IRL,2011,0.900789027
Ireland,IRL,2012,1.132934469
Ireland,IRL,2013,1.110644308
Ireland,IRL,2014,1.109606267
Ireland,IRL,2015,0.61700723
Ireland,IRL,2016,0.802079598
Isle of Man,IMN,2011,1.238252083
Isle of Man,IMN,2012,2.456821365
Isle of Man,IMN,2013,2.438637777
Isle of Man,IMN,2014,3.632401017
Isle of Man,IMN,2015,1.20239999
Isle of Man,IMN,2016,0
Israel,ISR,1995,2.10049401
Israel,ISR,1996,2.132400569
Israel,ISR,1997,2.770484044
Israel,ISR,1998,2.549819041
Israel,ISR,1999,2.325042267
Israel,ISR,2000,2.444401912
Israel,ISR,2001,3.638125599
Israel,ISR,2002,3.638237394
Israel,ISR,2003,3.071098771
Israel,ISR,2004,2.674364301
Israel,ISR,2005,2.514020206
Israel,ISR,2006,2.694216361
Israel,ISR,2007,1.805657776
Israel,ISR,2008,1.916191963
Israel,ISR,2009,1.761170188
Israel,ISR,2010,1.952609757
Israel,ISR,2011,1.995039091
Israel,ISR,2012,1.740462041
Israel,ISR,2014,1.485897386
Israel,ISR,2015,1.363994779
Italy,ITA,1995,1.776434678
Italy,ITA,1996,1.673740342
Italy,ITA,1997,1.534586198
Italy,ITA,1998,1.540855846
Italy,ITA,1999,1.41541754
Italy,ITA,2000,1.336970241
Italy,ITA,2001,1.232906958
Italy,ITA,2002,1.114152868
Italy,ITA,2003,1.236520444
Italy,ITA,2004,1.220623323
Italy,ITA,2005,1.037265321
Italy,ITA,2006,1.057889956
Italy,ITA,2007,1.063838558
Italy,ITA,2008,1.033572016
Italy,ITA,2009,0.989238212
Italy,ITA,2010,0.885654963
Italy,ITA,2011,0.923695877
Italy,ITA,2012,0.887269349
Italy,ITA,2013,0.841321982
Italy,ITA,2014,0.797171561
Italy,ITA,2015,0.788179499
Italy,ITA,2016,0.673063163
Jamaica,JAM,1995,31.68778915
Jamaica,JAM,1996,37.22825387
Jamaica,JAM,1997,41.37325733
Jamaica,JAM,1998,33.90499497
Jamaica,JAM,1999,33.38541823
Jamaica,JAM,2000,33.38522408
Jamaica,JAM,2001,42.54745311
Jamaica,JAM,2002,38.76909424
Jamaica,JAM,2003,35.94455469
Jamaica,JAM,2004,53.9069334
Jamaica,JAM,2005,60.99087214
Jamaica,JAM,2006,48.54581729
Jamaica,JAM,2007,57.07147662
Jamaica,JAM,2008,58.02613649
Jamaica,JAM,2009,60.01964279
Jamaica,JAM,2010,51.3628732
Jamaica,JAM,2011,40.04250938
Jamaica,JAM,2012,38.68367106
Jamaica,JAM,2013,42.11364935
Jamaica,JAM,2014,35.11423657
Jamaica,JAM,2015,42.06224795
Jamaica,JAM,2016,47.01105843
Japan,JPN,1995,0.543833004
Japan,JPN,1996,0.49353048
Japan,JPN,1997,0.541203532
Japan,JPN,1998,0.571311769
Japan,JPN,1999,0.53691652
Japan,JPN,2000,0.531623215
Japan,JPN,2001,0.545710013
Japan,JPN,2002,0.517581278
Japan,JPN,2003,0.544242997
Japan,JPN,2004,0.545183838
Japan,JPN,2005,0.50102946
Japan,JPN,2006,0.481963381
Japan,JPN,2007,0.446674354
Japan,JPN,2008,0.508749448
Japan,JPN,2009,0.393570156
Japan,JPN,2010,0.361721684
Japan,JPN,2011,0.34395442
Japan,JPN,2012,0.334043509
Japan,JPN,2013,0.288357556
Japan,JPN,2014,0.30820158
Japan,JPN,2015,0.283649243
Japan,JPN,2016,0.283523311
Jordan,JOR,2005,1.17253585
Jordan,JOR,2006,1.685138026
Jordan,JOR,2007,1.808437686
Jordan,JOR,2008,1.849049173
Jordan,JOR,2009,1.495356478
Jordan,JOR,2010,1.615061282
Jordan,JOR,2011,1.861400145
Jordan,JOR,2012,2.014370091
Jordan,JOR,2013,1.711542356
Jordan,JOR,2014,1.997887234
Jordan,JOR,2015,1.73594014
Jordan,JOR,2016,1.547627698
Kazakhstan,KAZ,1995,15.36495408
Kazakhstan,KAZ,1996,16.70639713
Kazakhstan,KAZ,1997,16.66808097
Kazakhstan,KAZ,1998,16.58020742
Kazakhstan,KAZ,1999,15.74022972
Kazakhstan,KAZ,2000,15.44095072
Kazakhstan,KAZ,2001,14.36172982
Kazakhstan,KAZ,2002,13.02162205
Kazakhstan,KAZ,2003,13.07088708
Kazakhstan,KAZ,2004,13.59035107
Kazakhstan,KAZ,2008,11.29291997
Kazakhstan,KAZ,2009,10.94279636
Kazakhstan,KAZ,2010,8.457845173
Kazakhstan,KAZ,2011,8.529870766
Kazakhstan,KAZ,2012,7.481748169
Kazakhstan,KAZ,2013,6.508881689
Kazakhstan,KAZ,2014,5.169324246
Kazakhstan,KAZ,2015,4.805729105
Kenya,KEN,2004,3.420391618
Kenya,KEN,2005,3.005967995
Kenya,KEN,2006,2.984882078
Kenya,KEN,2007,2.892565857
Kenya,KEN,2008,3.104033634
Kenya,KEN,2009,4.74058784
Kenya,KEN,2010,4.656669702
Kenya,KEN,2011,5.345796612
Kenya,KEN,2012,5.44019104
Kenya,KEN,2013,5.465474497
Kenya,KEN,2014,5.008229357
Kenya,KEN,2015,4.786577193
Kenya,KEN,2016,4.87343584
Kiribati,KIR,2000,3.554249698
Kiribati,KIR,2001,4.658855319
Kiribati,KIR,2008,7.110930516
Kiribati,KIR,2009,0.99435208
Kiribati,KIR,2010,3.896660562
Kiribati,KIR,2011,10.51062529
Kiribati,KIR,2012,7.503775337
Kosovo,OWID_KOS,2008,6.466813515
Kosovo,OWID_KOS,2009,4.144256458
Kosovo,OWID_KOS,2010,5.969544062
Kosovo,OWID_KOS,2011,3.46175321
Kosovo,OWID_KOS,2012,4.985597164
Kosovo,OWID_KOS,2013,2.247683789
Kosovo,OWID_KOS,2014,2.250521462
Kosovo,OWID_KOS,2015,1.665001665
Kosovo,OWID_KOS,2016,1.596740447
Kuwait,KWT,2001,1.848906419
Kuwait,KWT,2002,1.07284476
Kuwait,KWT,2003,1.336948935
Kuwait,KWT,2004,1.947517572
Kuwait,KWT,2005,1.800913019
Kuwait,KWT,2006,1.892937157
Kuwait,KWT,2007,2.356785345
Kuwait,KWT,2008,1.432697166
Kuwait,KWT,2009,1.738242651
Kuwait,KWT,2010,2.001278817
Kuwait,KWT,2011,1.848920622
Kuwait,KWT,2012,1.796465733
Kyrgyzstan,KGZ,1995,11.65035436
Kyrgyzstan,KGZ,1996,11.14017191
Kyrgyzstan,KGZ,1997,9.263043642
Kyrgyzstan,KGZ,1998,8.810353513
Kyrgyzstan,KGZ,1999,8.838782044
Kyrgyzstan,KGZ,2000,8.738562137
Kyrgyzstan,KGZ,2001,7.778196466
Kyrgyzstan,KGZ,2002,8.235339143
Kyrgyzstan,KGZ,2003,8.399389578
Kyrgyzstan,KGZ,2004,8.336759013
Kyrgyzstan,KGZ,2005,8.255539487
Kyrgyzstan,KGZ,2006,8.231367753
Kyrgyzstan,KGZ,2007,8.208535335
Kyrgyzstan,KGZ,2008,8.152338125
Kyrgyzstan,KGZ,2009,7.845294537
Kyrgyzstan,KGZ,2010,19.77007331
Kyrgyzstan,KGZ,2011,8.971051289
Kyrgyzstan,KGZ,2012,5.380661224
Kyrgyzstan,KGZ,2013,3.62433073
Kyrgyzstan,KGZ,2014,3.740540848
Kyrgyzstan,KGZ,2015,5.182936341
Kyrgyzstan,KGZ,2016,4.485384601
Laos,LAO,2000,10.73334534
Laos,LAO,2005,9.606179838
Laos,LAO,2010,8.043396654
Laos,LAO,2015,7.009982056
Late-demographic dividend,,2012,5
Late-demographic dividend,,2014,4.6
Late-demographic dividend,,2015,4.8
Latin America & Caribbean,,2012,23.2
Latin America & Caribbean,,2014,22.5
Latin America & Caribbean,,2015,22.3
Latin America & Caribbean (IDA & IBRD),,2012,23.6
Latin America & Caribbean (IDA & IBRD),,2014,22.9
Latin America & Caribbean (IDA & IBRD),,2015,22.7
Latin America & Caribbean (excluding high income),,2012,25.3
Latin America & Caribbean (excluding high income),,2014,24.4
Latin America & Caribbean (excluding high income),,2015,24.2
Latvia,LVA,1995,11.55654179
Latvia,LVA,1996,10.88273166
Latvia,LVA,1997,11.15213896
Latvia,LVA,1998,10.33135123
Latvia,LVA,1999,9.531928213
Latvia,LVA,2000,9.982538946
Latvia,LVA,2001,9.28486605
Latvia,LVA,2002,9.174736719
Latvia,LVA,2003,8.760611942
Latvia,LVA,2004,7.942585202
Latvia,LVA,2005,5.595068879
Latvia,LVA,2006,5.752232473
Latvia,LVA,2007,4.275607477
Latvia,LVA,2008,4.558260789
Latvia,LVA,2009,5.034239823
Latvia,LVA,2010,3.303682001
Latvia,LVA,2011,3.29750207
Latvia,LVA,2012,3.387576499
Latvia,LVA,2013,2.450038809
Latvia,LVA,2014,3.174406349
Latvia,LVA,2015,3.362334725
Least developed countries: UN classification,,2012,10
Least developed countries: UN classification,,2014,6.3
Least developed countries: UN classification,,2015,6.2
Lebanon,LBN,2008,4.451420769
Lebanon,LBN,2009,3.466282395
Lebanon,LBN,2010,3.758236128
Lebanon,LBN,2011,3.661432562
Lebanon,LBN,2012,3.94597352
Lebanon,LBN,2013,4.472999195
Lebanon,LBN,2014,4.283206315
Lebanon,LBN,2015,3.947719884
Lebanon,LBN,2016,3.993101823
Lesotho,LSO,2007,45.14986982
Lesotho,LSO,2008,37.60131605
Lesotho,LSO,2009,35.80610031
Lesotho,LSO,2010,37.44086769
Lesotho,LSO,2011,34.49334986
Lesotho,LSO,2012,30.67091306
Lesotho,LSO,2013,31.07642013
Lesotho,LSO,2015,41.24811176
Liberia,LBR,2007,2.846624984
Liberia,LBR,2008,4.832114066
Liberia,LBR,2009,3.804248585
Liberia,LBR,2010,3.267373753
Liberia,LBR,2011,3.955611649
Liberia,LBR,2012,3.228457876
Libya,LBY,2000,3.697984951
Libya,LBY,2005,3.660897738
Libya,LBY,2010,3.110346388
Libya,LBY,2015,2.503876882
Liechtenstein,LIE,1995,0
Liechtenstein,LIE,1996,0
Liechtenstein,LIE,1997,0
Liechtenstein,LIE,1998,0
Liechtenstein,LIE,1999,3.079765938
Liechtenstein,LIE,2000,0
Liechtenstein,LIE,2001,0
Liechtenstein,LIE,2002,0
Liechtenstein,LIE,2003,0
Liechtenstein,LIE,2004,2.890507573
Liechtenstein,LIE,2005,0
Liechtenstein,LIE,2006,0
Liechtenstein,LIE,2007,0
Liechtenstein,LIE,2008,2.813651839
Liechtenstein,LIE,2009,0
Liechtenstein,LIE,2010,2.777546316
Liechtenstein,LIE,2011,0
Liechtenstein,LIE,2012,0
Liechtenstein,LIE,2013,0
Liechtenstein,LIE,2014,2.693457592
Liechtenstein,LIE,2015,0
Liechtenstein,LIE,2016,0
Lithuania,LTU,1995,13.83261543
Lithuania,LTU,1996,11.23737668
Lithuania,LTU,1997,10.93055658
Lithuania,LTU,1998,8.761017472
Lithuania,LTU,1999,8.769111839
Lithuania,LTU,2000,10.56588903
Lithuania,LTU,2001,10.16231784
Lithuania,LTU,2002,8.505687199
Lithuania,LTU,2003,10.07511821
Lithuania,LTU,2004,10.14457348
Lithuania,LTU,2005,11.12356365
Lithuania,LTU,2006,8.717575085
Lithuania,LTU,2007,8.496695338
Lithuania,LTU,2008,9.27012683
Lithuania,LTU,2009,7.952607509
Lithuania,LTU,2010,7.010685373
Lithuania,LTU,2011,6.850914045
Lithuania,LTU,2012,6.650761907
Lithuania,LTU,2013,6.605870417
Lithuania,LTU,2014,5.368273705
Lithuania,LTU,2015,5.866450927
Lithuania,LTU,2016,5.246866438
Low & middle income,,2012,7
Low & middle income,,2014,5.9
Low & middle income,,2015,5.9
Low income,,2012,10.8
Low income,,2014,7.1
Low income,,2015,7
Lower middle income,,2012,5.8
Lower middle income,,2014,4.5
Lower middle income,,2015,4.5
Luxembourg,LUX,1995,0.49077105
Luxembourg,LUX,1996,0.967639709
Luxembourg,LUX,1997,0.953845787
Luxembourg,LUX,1998,0.940698374
Luxembourg,LUX,1999,1.393242773
Luxembourg,LUX,2000,0.917214511
Luxembourg,LUX,2001,2.044534505
Luxembourg,LUX,2002,1.352185808
Luxembourg,LUX,2003,0.670657826
Luxembourg,LUX,2004,0.442655134
Luxembourg,LUX,2005,0.87366384
Luxembourg,LUX,2006,1.503584976
Luxembourg,LUX,2007,1.474547209
Luxembourg,LUX,2008,1.649127508
Luxembourg,LUX,2009,1.007497799
Luxembourg,LUX,2010,1.968934157
Luxembourg,LUX,2011,0.769318057
Luxembourg,LUX,2012,0
Luxembourg,LUX,2013,0.183580218
Luxembourg,LUX,2014,0.719015811
Macao,MAC,2000,2.336563243
Macao,MAC,2001,1.826146306
Macao,MAC,2002,0.445537496
Macao,MAC,2003,1.738574847
Macao,MAC,2004,0.848440884
Macao,MAC,2005,0.828914185
Macao,MAC,2006,2.027081813
Macao,MAC,2007,1.190894421
Macao,MAC,2008,0.777683592
Macao,MAC,2009,1.142176188
Macao,MAC,2010,0.37246098
Macao,MAC,2011,0.728015303
Macao,MAC,2012,0.711071923
Macao,MAC,2013,0.173659048
Macao,MAC,2014,0
Macao,MAC,2015,0.16640541
Macao,MAC,2016,0.163630342
Macedonia,MKD,1998,2.409149952
Macedonia,MKD,1999,1.898881559
Macedonia,MKD,2000,2.30978775
Macedonia,MKD,2001,2.692327649
Macedonia,MKD,2002,2.928360587
Macedonia,MKD,2003,3.408937064
Macedonia,MKD,2004,2.382055442
Macedonia,MKD,2005,2.135640343
Macedonia,MKD,2006,2.229605772
Macedonia,MKD,2007,2.033447303
Macedonia,MKD,2008,1.692965679
Macedonia,MKD,2009,1.691562438
Macedonia,MKD,2010,2.076553346
Macedonia,MKD,2011,1.447608864
Macedonia,MKD,2012,1.398239953
Macedonia,MKD,2013,1.059863499
Macedonia,MKD,2014,1.588451476
Madagascar,MDG,2000,11.3693949
Madagascar,MDG,2005,10.04313025
Madagascar,MDG,2010,9.177243523
Madagascar,MDG,2015,7.686764627
Malawi,MWI,2000,6.15321217
Malawi,MWI,2001,7.695028575
Malawi,MWI,2002,4.719607455
Malawi,MWI,2003,2.431771188
Malawi,MWI,2004,3.242338024
Malawi,MWI,2005,1.533776324
Malawi,MWI,2006,6.113515396
Malawi,MWI,2007,4.985200097
Malawi,MWI,2008,5.465539981
Malawi,MWI,2009,2.174710536
Malawi,MWI,2010,3.428474602
Malawi,MWI,2011,2.194832251
Malawi,MWI,2012,1.733209379
Malaysia,MYS,1995,1.9111222
Malaysia,MYS,1996,2.103816323
Malaysia,MYS,1997,2.479168215
Malaysia,MYS,1998,2.81779131
Malaysia,MYS,1999,2.5713126
Malaysia,MYS,2000,2.376474233
Malaysia,MYS,2001,2.181535208
Malaysia,MYS,2002,2.334825459
Malaysia,MYS,2003,2.288496079
Malaysia,MYS,2004,1.974250608
Malaysia,MYS,2005,2.353913828
Malaysia,MYS,2006,2.249119344
Malaysia,MYS,2007,2.448748575
Malaysia,MYS,2008,2.202052601
Malaysia,MYS,2009,2.032212341
Malaysia,MYS,2010,1.92086813
Malaysia,MYS,2011,1.850873515
Malaysia,MYS,2012,2.06373188
Malaysia,MYS,2013,2.110633269
Maldives,MDV,2001,2.438794957
Maldives,MDV,2002,2.717935999
Maldives,MDV,2003,1.323587319
Maldives,MDV,2007,0.89267117
Maldives,MDV,2008,1.449048555
Maldives,MDV,2009,1.692519908
Maldives,MDV,2010,1.64604086
Maldives,MDV,2011,0.799720631
Maldives,MDV,2012,2.589311839
Maldives,MDV,2013,0.754912594
Mali,MLI,2000,12.88392351
Mali,MLI,2005,12.68457332
Mali,MLI,2010,12.17992521
Mali,MLI,2015,10.90317598
Malta,MLT,1998,1.270877337
Malta,MLT,1999,2.529474704
Malta,MLT,2000,1.008399972
Malta,MLT,2001,1.503175458
Malta,MLT,2002,1.495129615
Malta,MLT,2003,0
Malta,MLT,2004,1.728365189
Malta,MLT,2005,0.983315593
Malta,MLT,2006,0
Malta,MLT,2007,0.974839395
Malta,MLT,2008,1.455858374
Malta,MLT,2009,0.966078566
Malta,MLT,2010,0.961284276
Malta,MLT,2011,0.717073765
Malta,MLT,2012,2.851785574
Malta,MLT,2013,1.653884502
Malta,MLT,2014,1.409873816
Malta,MLT,2015,0.935418693
Mauritania,MRT,2000,13.70114061
Mauritania,MRT,2005,12.38683845
Mauritania,MRT,2010,10.86879296
Mauritania,MRT,2015,9.941685762
Mauritius,MUS,1995,2.19857919
Mauritius,MUS,1996,2.95537043
Mauritius,MUS,1997,2.064715052
Mauritius,MUS,1998,2.641780526
Mauritius,MUS,1999,1.941796753
Mauritius,MUS,2000,2.193824384
Mauritius,MUS,2003,3.225822461
Mauritius,MUS,2004,2.879054222
Mauritius,MUS,2005,3.027815807
Mauritius,MUS,2006,4.071336327
Mauritius,MUS,2007,3.646940501
Mauritius,MUS,2008,3.873176077
Mauritius,MUS,2009,3.054603448
Mauritius,MUS,2010,2.644326118
Mauritius,MUS,2011,2.717775772
Mauritius,MUS,2012,2.313760251
Mauritius,MUS,2013,2.788200336
Mauritius,MUS,2014,1.511272101
Mauritius,MUS,2015,1.667386554
Mauritius,MUS,2016,1.821944963
Mexico,MEX,1995,16.91940488
Mexico,MEX,1996,15.45413535
Mexico,MEX,1997,14.19929696
Mexico,MEX,1998,14.07806997
Mexico,MEX,1999,12.43380489
Mexico,MEX,2000,10.55548026
Mexico,MEX,2001,9.978939151
Mexico,MEX,2002,9.666945738
Mexico,MEX,2003,9.548425545
Mexico,MEX,2004,8.719051514
Mexico,MEX,2005,9.146119871
Mexico,MEX,2006,9.493845251
Mexico,MEX,2007,7.928549454
Mexico,MEX,2008,12.32252075
Mexico,MEX,2009,17.14467851
Mexico,MEX,2010,21.95468164
Mexico,MEX,2011,22.85078186
Mexico,MEX,2012,21.49082499
Mexico,MEX,2013,18.82141235
Mexico,MEX,2014,16.10830967
Mexico,MEX,2015,16.49205139
Mexico,MEX,2016,19.2639601
Micronesia (country),FSM,2000,3.962336839
Micronesia (country),FSM,2005,4.579968782
Micronesia (country),FSM,2010,4.490879634
Micronesia (country),FSM,2015,4.674645428
Middle East & North Africa,,2012,3.8
Middle East & North Africa,,2014,3.9
Middle East & North Africa,,2015,3.4
Middle East & North Africa (IDA & IBRD),,2012,4.2
Middle East & North Africa (IDA & IBRD),,2014,3.9
Middle East & North Africa (IDA & IBRD),,2015,3.8
Middle East & North Africa (excluding high income),,2012,4.2
Middle East & North Africa (excluding high income),,2014,3.9
Middle East & North Africa (excluding high income),,2015,3.7
Middle income,,2012,6.6
Middle income,,2014,5.8
Middle income,,2015,5.8
Moldova,MDA,1995,9.10400461
Moldova,MDA,1996,9.28573435
Moldova,MDA,1997,9.324402524
Moldova,MDA,1998,8.457130403
Moldova,MDA,1999,9.119053807
Moldova,MDA,2000,10.30685139
Moldova,MDA,2001,9.819603608
Moldova,MDA,2002,9.601074171
Moldova,MDA,2003,7.646861694
Moldova,MDA,2004,6.648526031
Moldova,MDA,2005,7.119322491
Moldova,MDA,2006,6.321280276
Moldova,MDA,2007,5.25595661
Moldova,MDA,2008,5.740081334
Moldova,MDA,2009,6.005800725
Moldova,MDA,2010,6.53693823
Moldova,MDA,2011,7.455790108
Moldova,MDA,2012,5.6214211
Moldova,MDA,2013,4.150331388
Moldova,MDA,2014,3.194151067
Monaco,MCO,2001,3.090234858
Monaco,MCO,2004,3.00174101
Monaco,MCO,2005,2.959192732
Monaco,MCO,2006,2.90630086
Monaco,MCO,2007,0
Monaco,MCO,2008,0
Monaco,MCO,2009,0
Monaco,MCO,2010,0
Monaco,MCO,2011,0
Monaco,MCO,2012,0
Monaco,MCO,2013,0
Monaco,MCO,2015,0
Mongolia,MNG,2003,13.89065503
Mongolia,MNG,2004,13.33690052
Mongolia,MNG,2005,15.75335471
Mongolia,MNG,2006,13.1352003
Mongolia,MNG,2007,11.3054517
Mongolia,MNG,2008,8.06656898
Mongolia,MNG,2009,8.207506758
Mongolia,MNG,2010,8.810572687
Mongolia,MNG,2011,9.632390325
Mongolia,MNG,2012,7.071216029
Mongolia,MNG,2013,7.145080333
Mongolia,MNG,2014,7.284800827
Mongolia,MNG,2015,6.180974222
Mongolia,MNG,2016,5.655921518
Montenegro,MNE,2002,4.401824638
Montenegro,MNE,2003,3.256814477
Montenegro,MNE,2004,2.275886173
Montenegro,MNE,2005,3.569180451
Montenegro,MNE,2006,4.046407438
Montenegro,MNE,2007,1.937096035
Montenegro,MNE,2008,3.863458923
Montenegro,MNE,2009,3.371587472
Montenegro,MNE,2010,2.402748745
Montenegro,MNE,2011,3.35749665
Montenegro,MNE,2012,2.713981475
Montenegro,MNE,2013,1.59465726
Montenegro,MNE,2014,3.186367446
Montenegro,MNE,2015,2.706239314
Montenegro,MNE,2016,4.455617436
Morocco,MAR,1999,1.898439532
Morocco,MAR,2000,1.597941269
Morocco,MAR,2001,1.860746782
Morocco,MAR,2002,1.565445375
Morocco,MAR,2003,1.708889816
Morocco,MAR,2004,1.557359626
Morocco,MAR,2005,1.536643375
Morocco,MAR,2006,1.613250893
Morocco,MAR,2007,1.655677865
Morocco,MAR,2008,1.348235449
Morocco,MAR,2009,1.350426355
Morocco,MAR,2010,1.391561319
Morocco,MAR,2011,1.342105285
Morocco,MAR,2012,1.148984293
Morocco,MAR,2013,1.268301344
Morocco,MAR,2014,1.034440095
Morocco,MAR,2015,1.238387531
Mozambique,MOZ,1999,4.871395631
Mozambique,MOZ,2001,5.917555116
Mozambique,MOZ,2002,5.433743905
Mozambique,MOZ,2003,5.29503112
Mozambique,MOZ,2004,5.563020779
Mozambique,MOZ,2005,5.204781134
Mozambique,MOZ,2006,4.148980323
Mozambique,MOZ,2007,3.826325906
Mozambique,MOZ,2008,4.355103687
Mozambique,MOZ,2009,3.498545298
Mozambique,MOZ,2010,3.612507202
Mozambique,MOZ,2011,3.404305825
Myanmar,MMR,2000,2.258356799
Myanmar,MMR,2001,1.964485112
Myanmar,MMR,2002,1.726763261
Myanmar,MMR,2003,1.604203046
Myanmar,MMR,2004,1.545543388
Myanmar,MMR,2005,1.394314259
Myanmar,MMR,2006,1.590698235
Myanmar,MMR,2007,1.523237424
Myanmar,MMR,2008,1.59863372
Myanmar,MMR,2009,1.765035786
Myanmar,MMR,2010,1.597020617
Myanmar,MMR,2011,2.0869174
Myanmar,MMR,2012,2.816431027
Myanmar,MMR,2013,2.406304003
Myanmar,MMR,2014,2.368838473
Myanmar,MMR,2015,2.198319358
Myanmar,MMR,2016,2.265309853
Namibia,NAM,1995,22.5875525
Namibia,NAM,1996,20.75280354
Namibia,NAM,1997,18.66574727
Namibia,NAM,1998,22.57876076
Namibia,NAM,1999,20.4750426
Namibia,NAM,2000,20.00782411
Namibia,NAM,2001,18.25614037
Namibia,NAM,2002,17.63374508
Namibia,NAM,2004,17.51916657
Namibia,NAM,2008,16.80612427
Namibia,NAM,2009,18.15595403
Namibia,NAM,2010,14.44893865
Namibia,NAM,2011,13.90129449
Namibia,NAM,2012,17.1383088
Nauru,NRU,2012,0
Nepal,NPL,1997,2.533956337
Nepal,NPL,1998,2.7950923
Nepal,NPL,1999,2.64423993
Nepal,NPL,2000,2.674707807
Nepal,NPL,2001,3.509675634
Nepal,NPL,2002,3.492583471
Nepal,NPL,2003,3.033992378
Nepal,NPL,2004,3.698223537
Nepal,NPL,2005,3.424298644
Nepal,NPL,2006,2.351524547
Nepal,NPL,2007,3.208105697
Nepal,NPL,2008,3.369106929
Nepal,NPL,2009,3.014086592
Nepal,NPL,2010,3.008533021
Nepal,NPL,2011,2.484708704
Nepal,NPL,2012,2.321886949
Nepal,NPL,2013,2.165421787
Nepal,NPL,2014,1.970113519
Nepal,NPL,2016,2.163779187
Netherlands,NLD,1995,1.938768
Netherlands,NLD,1996,1.359788239
Netherlands,NLD,1997,1.332836339
Netherlands,NLD,1998,1.121683188
Netherlands,NLD,1999,1.286802879
Netherlands,NLD,2000,1.13021396
Netherlands,NLD,2001,1.261072309
Netherlands,NLD,2002,1.210401633
Netherlands,NLD,2003,1.246840386
Netherlands,NLD,2004,1.17270133
Netherlands,NLD,2005,1.063104541
Netherlands,NLD,2006,0.778578294
Netherlands,NLD,2007,0.866296207
Netherlands,NLD,2008,0.905319622
Netherlands,NLD,2009,0.926208489
Netherlands,NLD,2010,0.863158403
Netherlands,NLD,2011,0.854394353
Netherlands,NLD,2012,0.863655843
Netherlands,NLD,2013,0.742293553
Netherlands,NLD,2014,0.728269331
Netherlands,NLD,2015,0.613985926
Netherlands,NLD,2016,0.553362904
New Caledonia,NCL,2006,3.3835938
New Caledonia,NCL,2007,4.997313944
New Caledonia,NCL,2008,4.512154102
New Caledonia,NCL,2009,3.233459842
New Zealand,NZL,1995,1.088417604
New Zealand,NZL,1996,1.291245196
New Zealand,NZL,1997,1.59909129
New Zealand,NZL,1998,1.295107401
New Zealand,NZL,1999,1.178822995
New Zealand,NZL,2000,1.347499701
New Zealand,NZL,2001,1.305037727
New Zealand,NZL,2002,1.513925847
New Zealand,NZL,2003,1.093964325
New Zealand,NZL,2004,1.102822785
New Zealand,NZL,2005,1.475084969
New Zealand,NZL,2006,1.170591772
New Zealand,NZL,2007,1.133907106
New Zealand,NZL,2008,1.192055302
New Zealand,NZL,2009,1.549676858
New Zealand,NZL,2010,0.983967733
New Zealand,NZL,2011,0.882679453
New Zealand,NZL,2012,0.917689312
New Zealand,NZL,2013,1.018256227
New Zealand,NZL,2014,0.985394267
Nicaragua,NIC,1995,15.24679537
Nicaragua,NIC,1996,13.98641585
Nicaragua,NIC,1997,14.07312512
Nicaragua,NIC,1998,13.00925958
Nicaragua,NIC,1999,11.23183836
Nicaragua,NIC,2000,9.469252383
Nicaragua,NIC,2001,10.52786355
Nicaragua,NIC,2002,10.71207452
Nicaragua,NIC,2003,12.11628813
Nicaragua,NIC,2004,12.16640554
Nicaragua,NIC,2005,13.5518786
Nicaragua,NIC,2006,13.24719355
Nicaragua,NIC,2007,12.92984959
Nicaragua,NIC,2008,13.15576389
Nicaragua,NIC,2009,14.15315514
Nicaragua,NIC,2010,13.68138546
Nicaragua,NIC,2011,12.70700538
Nicaragua,NIC,2012,11.45121036
Nicaragua,NIC,2013,9.990334268
Nicaragua,NIC,2014,8.729635216
Nicaragua,NIC,2015,8.615537398
Nicaragua,NIC,2016,7.367124637
Niger,NER,2011,4.869720046
Niger,NER,2012,4.444034881
Nigeria,NGA,2000,12.75393904
Nigeria,NGA,2005,11.82059814
Nigeria,NGA,2010,10.71771146
Nigeria,NGA,2015,9.848349858
North America,,2012,4.4
North America,,2014,3.6
North America,,2015,4.6
North Korea,PRK,2000,6.632036478
North Korea,PRK,2005,5.046326683
North Korea,PRK,2010,4.7946353
North Korea,PRK,2015,4.395841376
Norway,NOR,1995,0.986443061
Norway,NOR,1996,0.980584652
Norway,NOR,1997,0.861269439
Norway,NOR,1998,0.856000836
Norway,NOR,1999,0.828544199
Norway,NOR,2000,1.066816732
Norway,NOR,2001,0.818014899
Norway,NOR,2002,1.011874345
Norway,NOR,2003,1.115947858
Norway,NOR,2004,0.78291267
Norway,NOR,2005,0.712379252
Norway,NOR,2006,0.706173886
Norway,NOR,2007,0.635640624
Norway,NOR,2008,0.712577773
Norway,NOR,2009,0.600764836
Norway,NOR,2010,0.593547362
Norway,NOR,2011,2.243514273
Norway,NOR,2012,0.538706351
Norway,NOR,2013,0.906028854
Norway,NOR,2014,0.564168199
Norway,NOR,2015,0.461553018
Norway,NOR,2016,0.514305228
OECD members,,2012,4
OECD members,,2014,3.3
OECD members,,2015,3.6
Oman,OMN,2002,1.199510771
Oman,OMN,2003,1.467348355
Oman,OMN,2004,1.71796637
Oman,OMN,2005,2.11048677
Oman,OMN,2006,4.684491738
Oman,OMN,2007,1.389534626
Oman,OMN,2008,1.703507122
Oman,OMN,2009,1.283411182
Oman,OMN,2010,1.578189422
Oman,OMN,2011,1.050268313
Oman,OMN,2012,1.125656777
Oman,OMN,2013,2.613511965
Oman,OMN,2014,0.656412328
Other small states,,2012,11.4
Other small states,,2014,10
Other small states,,2015,9.2
Pacific island small states,,2012,4
Pacific island small states,,2014,3.5
Pacific island small states,,2015,3.4
Pakistan,PAK,1996,6.931456887
Pakistan,PAK,1997,6.930046573
Pakistan,PAK,1998,7.434970027
Pakistan,PAK,1999,6.606207971
Pakistan,PAK,2000,6.429244008
Pakistan,PAK,2001,6.774648763
Pakistan,PAK,2002,6.543884471
Pakistan,PAK,2003,6.327545565
Pakistan,PAK,2004,6.376164525
Pakistan,PAK,2005,6.355676151
Pakistan,PAK,2006,6.396170731
Pakistan,PAK,2007,6.583798539
Pakistan,PAK,2008,7.369017847
Pakistan,PAK,2009,7.477420775
Pakistan,PAK,2010,7.733340716
Pakistan,PAK,2011,7.957090728
Pakistan,PAK,2012,7.782519641
Pakistan,PAK,2013,7.669804066
Pakistan,PAK,2014,7.155089095
Pakistan,PAK,2015,5.008963092
Pakistan,PAK,2016,4.408395266
Palau,PLW,2012,3.112429425
Palestine,PSE,1995,1.194011915
Palestine,PSE,1996,4.412342204
Palestine,PSE,1997,1.579857033
Palestine,PSE,1998,1.512030216
Palestine,PSE,1999,1.74491253
Palestine,PSE,2003,2.731923603
Palestine,PSE,2004,2.73969397
Palestine,PSE,2005,2.404807378
Palestine,PSE,2008,1.246005643
Palestine,PSE,2009,1.111677056
Palestine,PSE,2010,0.786853836
Palestine,PSE,2011,0.57431725
Palestine,PSE,2012,0.605360702
Palestine,PSE,2013,0.543645195
Palestine,PSE,2014,0.771362612
Palestine,PSE,2015,0.965067971
Palestine,PSE,2016,0.688240776
Panama,PAN,1995,14.08331795
Panama,PAN,1996,9.078539248
Panama,PAN,1997,11.30155122
Panama,PAN,1998,9.882965987
Panama,PAN,1999,9.828819893
Panama,PAN,2000,9.866856832
Panama,PAN,2001,9.90392545
Panama,PAN,2002,11.93929377
Panama,PAN,2003,10.50114453
Panama,PAN,2004,9.420282541
Panama,PAN,2005,10.92940475
Panama,PAN,2006,6.515512669
Panama,PAN,2007,8.078042577
Panama,PAN,2008,14.02054678
Panama,PAN,2009,15.70102126
Panama,PAN,2010,12.62618638
Panama,PAN,2011,14.80669576
Panama,PAN,2012,16.88339432
Panama,PAN,2013,17.27254301
Panama,PAN,2014,14.5492325
Panama,PAN,2015,11.26157618
Panama,PAN,2016,9.669590586
Papua New Guinea,PNG,2000,8.344965437
Papua New Guinea,PNG,2006,9.427733486
Papua New Guinea,PNG,2007,7.845596252
Paraguay,PRY,1998,16.70553566
Paraguay,PRY,1999,12.11399769
Paraguay,PRY,2000,18.76402587
Paraguay,PRY,2001,24.30352101
Paraguay,PRY,2002,24.90646009
Paraguay,PRY,2003,22.91389902
Paraguay,PRY,2004,21.19661836
Paraguay,PRY,2005,15.30499385
Paraguay,PRY,2006,12.61304999
Paraguay,PRY,2007,13.12402167
Paraguay,PRY,2008,13.7751593
Paraguay,PRY,2009,13.39787596
Paraguay,PRY,2010,11.9326035
Paraguay,PRY,2011,10.43887277
Paraguay,PRY,2012,10.17365919
Paraguay,PRY,2013,9.341544819
Paraguay,PRY,2014,8.820947583
Paraguay,PRY,2015,9.29340173
Peru,PER,2011,5.43346975
Peru,PER,2012,6.525422655
Peru,PER,2013,6.585810062
Peru,PER,2014,6.702535347
Peru,PER,2015,7.161371581
Peru,PER,2016,7.665964527
Philippines,PHL,1998,7.986133274
Philippines,PHL,1999,7.536713528
Philippines,PHL,2000,7.353358925
Philippines,PHL,2001,7.345731326
Philippines,PHL,2002,8.055112556
Philippines,PHL,2003,7.751232736
Philippines,PHL,2004,7.491866914
Philippines,PHL,2005,7.45761449
Philippines,PHL,2006,7.060745955
Philippines,PHL,2007,6.676858526
Philippines,PHL,2008,6.413091416
Philippines,PHL,2009,9.854601364
Philippines,PHL,2010,9.492500231
Philippines,PHL,2011,9.103891205
Philippines,PHL,2012,8.758433063
Philippines,PHL,2013,9.294175553
Philippines,PHL,2014,9.746034777
Philippines,PHL,2015,9.480284287
Philippines,PHL,2016,11.01982824
Poland,POL,1995,2.221829893
Poland,POL,1996,2.27350014
Poland,POL,1997,2.102158331
Poland,POL,1998,4.871447479
Poland,POL,1999,4.747490006
Poland,POL,2000,2.217870354
Poland,POL,2001,2.014328469
Poland,POL,2002,1.860490642
Poland,POL,2003,1.72221701
Poland,POL,2004,1.648606396
Poland,POL,2005,1.446719058
Poland,POL,2006,1.278004069
Poland,POL,2007,1.36969915
Poland,POL,2008,1.200239349
Poland,POL,2009,1.286370965
Poland,POL,2010,1.137686054
Poland,POL,2011,1.171682944
Poland,POL,2012,0.983887113
Poland,POL,2013,0.772655291
Poland,POL,2014,0.736425869
Poland,POL,2015,0.750028237
Poland,POL,2016,0.67014617
Portugal,PRT,1996,1.042379205
Portugal,PRT,1997,1.116412329
Portugal,PRT,1998,1.219234566
Portugal,PRT,1999,1.058903396
Portugal,PRT,2000,1.120219115
Portugal,PRT,2001,1.009682179
Portugal,PRT,2002,1.139446409
Portugal,PRT,2003,1.420791404
Portugal,PRT,2004,1.367746338
Portugal,PRT,2005,1.277716631
Portugal,PRT,2006,1.46227091
Portugal,PRT,2007,1.740337832
Portugal,PRT,2008,1.164089819
Portugal,PRT,2009,1.219441728
Portugal,PRT,2010,1.164065559
Portugal,PRT,2011,1.072907853
Portugal,PRT,2012,1.152920655
Portugal,PRT,2013,1.36782351
Portugal,PRT,2014,0.878603036
Portugal,PRT,2015,0.959833557
Portugal,PRT,2016,0.635932842
Post-demographic dividend,,2012,2.2
Post-demographic dividend,,2014,1.9
Post-demographic dividend,,2015,2.3
Pre-demographic dividend,,2012,13.3
Pre-demographic dividend,,2014,8.2
Pre-demographic dividend,,2015,8.1
Puerto Rico,PRI,1995,23.34114433
Puerto Rico,PRI,1996,23.25648067
Puerto Rico,PRI,1997,19.25195006
Puerto Rico,PRI,1998,17.22570964
Puerto Rico,PRI,1999,15.59141962
Puerto Rico,PRI,2000,18.30403503
Puerto Rico,PRI,2001,19.65837585
Puerto Rico,PRI,2002,20.57413697
Puerto Rico,PRI,2003,20.78015076
Puerto Rico,PRI,2004,21.10498499
Puerto Rico,PRI,2005,20.47591769
Puerto Rico,PRI,2006,19.91950708
Puerto Rico,PRI,2007,19.49131408
Puerto Rico,PRI,2008,21.81601311
Puerto Rico,PRI,2009,24.17927983
Puerto Rico,PRI,2010,27.36303483
Puerto Rico,PRI,2011,31.40018948
Puerto Rico,PRI,2012,27.15292397
Puerto Rico,PRI,2013,24.45290687
Puerto Rico,PRI,2014,19.01804405
Puerto Rico,PRI,2015,16.84936936
Puerto Rico,PRI,2016,18.50587138
Qatar,QAT,1998,0.911032236
Qatar,QAT,1999,0.526435854
Qatar,QAT,2000,0.168842769
Qatar,QAT,2001,0.810522528
Qatar,QAT,2004,0.658887403
Qatar,QAT,2005,0.693751496
Qatar,QAT,2006,0.494862339
Qatar,QAT,2007,0.756535839
Qatar,QAT,2008,0.863718221
Qatar,QAT,2009,0.502897949
Qatar,QAT,2010,0.224760012
Qatar,QAT,2011,0.204912364
Qatar,QAT,2012,0.331821491
Qatar,QAT,2013,0.399915929
Qatar,QAT,2014,0.379040094
Romania,ROU,1995,3.342011099
Romania,ROU,1996,3.199307319
Romania,ROU,1997,3.084736235
Romania,ROU,1998,2.507536578
Romania,ROU,1999,2.540088293
Romania,ROU,2000,2.625617495
Romania,ROU,2001,2.715594678
Romania,ROU,2002,2.57610774
Romania,ROU,2003,2.535791127
Romania,ROU,2004,2.389866521
Romania,ROU,2005,2.113758665
Romania,ROU,2006,2.061766184
Romania,ROU,2007,1.977551839
Romania,ROU,2008,2.257327236
Romania,ROU,2009,1.925506191
Romania,ROU,2010,1.97648308
Romania,ROU,2011,1.650818237
Romania,ROU,2012,1.873953802
Romania,ROU,2013,1.674290585
Romania,ROU,2014,1.492033941
Romania,ROU,2015,1.464031537
Romania,ROU,2016,1.248801252
Russia,RUS,2000,28.06760822
Russia,RUS,2001,29.43527074
Russia,RUS,2002,30.4776583
Russia,RUS,2003,28.88549165
Russia,RUS,2004,27.25266903
Russia,RUS,2005,24.81301376
Russia,RUS,2006,20.12518122
Russia,RUS,2007,17.72754092
Russia,RUS,2008,16.59034894
Russia,RUS,2009,14.93506677
Russia,RUS,2013,10.97723125
Russia,RUS,2014,11.31040911
Russia,RUS,2015,11.4804567
Russia,RUS,2016,10.8161824
Rwanda,RWA,2006,3.464913138
Rwanda,RWA,2007,2.836758719
Rwanda,RWA,2008,1.48328691
Rwanda,RWA,2010,2.839899356
Rwanda,RWA,2012,2.372819428
Rwanda,RWA,2013,3.244420252
Rwanda,RWA,2014,3.772468332
Rwanda,RWA,2015,2.519443353
Saint Kitts and Nevis,KNA,1995,9.276222722
Saint Kitts and Nevis,KNA,1996,9.150386604
Saint Kitts and Nevis,KNA,1997,15.80064105
Saint Kitts and Nevis,KNA,1998,17.82213509
Saint Kitts and Nevis,KNA,1999,13.19290222
Saint Kitts and Nevis,KNA,2000,6.611715961
Saint Kitts and Nevis,KNA,2001,13.04631442
Saint Kitts and Nevis,KNA,2002,10.72018181
Saint Kitts and Nevis,KNA,2003,21.13896757
Saint Kitts and Nevis,KNA,2004,22.93052052
Saint Kitts and Nevis,KNA,2005,16.45718047
Saint Kitts and Nevis,KNA,2006,34.54582402
Saint Kitts and Nevis,KNA,2007,32.13948537
Saint Kitts and Nevis,KNA,2008,45.69657474
Saint Kitts and Nevis,KNA,2009,53.05978069
Saint Kitts and Nevis,KNA,2010,40.82029352
Saint Kitts and Nevis,KNA,2011,65.37707188
Saint Kitts and Nevis,KNA,2012,34.22638855
Saint Lucia,LCA,2000,14.65444189
Saint Lucia,LCA,2001,21.45597738
Saint Lucia,LCA,2002,26.28894049
Saint Lucia,LCA,2003,22.36399893
Saint Lucia,LCA,2004,22.80417378
Saint Lucia,LCA,2005,25.04367372
Saint Lucia,LCA,2006,25.99648141
Saint Lucia,LCA,2007,17.33537373
Saint Lucia,LCA,2008,23.04692117
Saint Lucia,LCA,2009,22.80408369
Saint Lucia,LCA,2010,25.49542241
Saint Lucia,LCA,2011,26.46233145
Saint Lucia,LCA,2012,22.30674636
Saint Lucia,LCA,2013,18.7862917
Saint Lucia,LCA,2014,19.27208212
Saint Vincent and the Grenadines,VCT,1995,18.50361283
Saint Vincent and the Grenadines,VCT,1996,22.21214449
Saint Vincent and the Grenadines,VCT,1997,8.334954019
Saint Vincent and the Grenadines,VCT,1998,22.24137452
Saint Vincent and the Grenadines,VCT,1999,12.97870565
Saint Vincent and the Grenadines,VCT,2000,18.53602476
Saint Vincent and the Grenadines,VCT,2001,11.11234582
Saint Vincent and the Grenadines,VCT,2002,18.49351802
Saint Vincent and the Grenadines,VCT,2003,16.6128288
Saint Vincent and the Grenadines,VCT,2004,26.71358432
Saint Vincent and the Grenadines,VCT,2005,23.90936511
Saint Vincent and the Grenadines,VCT,2006,18.36429247
Saint Vincent and the Grenadines,VCT,2007,36.68143094
Saint Vincent and the Grenadines,VCT,2008,14.65671232
Saint Vincent and the Grenadines,VCT,2009,21.05205349
Saint Vincent and the Grenadines,VCT,2010,22.86968851
Saint Vincent and the Grenadines,VCT,2011,19.20597031
Saint Vincent and the Grenadines,VCT,2012,25.61100541
Saint Vincent and the Grenadines,VCT,2016,36.45616875
Samoa,WSM,2009,8.656790711
Samoa,WSM,2010,8.592680111
Samoa,WSM,2013,3.145362949
San Marino,SMR,2000,0
San Marino,SMR,2001,0
San Marino,SMR,2002,3.556061306
San Marino,SMR,2003,0
San Marino,SMR,2004,0
San Marino,SMR,2005,0
San Marino,SMR,2006,0
San Marino,SMR,2007,0
San Marino,SMR,2008,0
San Marino,SMR,2009,0
San Marino,SMR,2010,0
San Marino,SMR,2011,0
Sao Tome and Principe,STP,2006,2.510544286
Sao Tome and Principe,STP,2007,2.452468103
Sao Tome and Principe,STP,2008,8.387603123
Sao Tome and Principe,STP,2009,2.927177674
Sao Tome and Principe,STP,2010,3.432965625
Sao Tome and Principe,STP,2011,3.355704698
Saudi Arabia,SAU,1999,0.939786116
Saudi Arabia,SAU,2000,0.83316028
Saudi Arabia,SAU,2001,1.074936095
Saudi Arabia,SAU,2002,1.300995129
Saudi Arabia,SAU,2003,1.108331662
Saudi Arabia,SAU,2004,1.295800187
Saudi Arabia,SAU,2005,1.242383915
Saudi Arabia,SAU,2006,1.037500517
Saudi Arabia,SAU,2007,1.049398182
Saudi Arabia,SAU,2015,1.495699357
Senegal,SEN,2000,9.953217923
Senegal,SEN,2005,9.305974387
Senegal,SEN,2010,8.509699585
Senegal,SEN,2015,7.375585214
Serbia,SRB,2000,2.403132926
Serbia,SRB,2001,2.581421541
Serbia,SRB,2002,2.138418778
Serbia,SRB,2003,1.891889481
Serbia,SRB,2004,1.771375288
Serbia,SRB,2005,1.5952276
Serbia,SRB,2006,1.700589614
Serbia,SRB,2007,1.871877331
Serbia,SRB,2008,1.538537282
Serbia,SRB,2009,1.698887427
Serbia,SRB,2010,1.439690905
Serbia,SRB,2011,1.501043058
Serbia,SRB,2012,1.239256428
Serbia,SRB,2013,1.591889882
Serbia,SRB,2014,1.350634663
Serbia,SRB,2015,1.174971304
Serbia,SRB,2016,1.39427214
Seychelles,SYC,2004,11.43066161
Seychelles,SYC,2006,10.03803299
Seychelles,SYC,2007,8.861222184
Seychelles,SYC,2008,6.616236244
Seychelles,SYC,2009,15.37886943
Seychelles,SYC,2010,9.846288496
Seychelles,SYC,2011,17.42274103
Seychelles,SYC,2012,4.334398873
Seychelles,SYC,2013,19.40386999
Seychelles,SYC,2014,17.15744097
Seychelles,SYC,2015,7.467303877
Seychelles,SYC,2016,12.73687942
Sierra Leone,SLE,2004,2.058938966
Sierra Leone,SLE,2005,1.749617691
Sierra Leone,SLE,2006,1.72688184
Sierra Leone,SLE,2007,2.227609491
Sierra Leone,SLE,2008,2.984410349
Sierra Leone,SLE,2009,2.503858795
Sierra Leone,SLE,2010,2.52371987
Sierra Leone,SLE,2011,2.828322916
Sierra Leone,SLE,2012,1.670089858
Sierra Leone,SLE,2015,1.713411243
Singapore,SGP,1995,1.464812616
Singapore,SGP,1996,0.866760221
Singapore,SGP,1997,1.062469675
Singapore,SGP,1998,0.98371212
Singapore,SGP,1999,1.040395163
Singapore,SGP,2000,0.945334137
Singapore,SGP,2001,0.746495391
Singapore,SGP,2002,0.532531889
Singapore,SGP,2003,0.564799573
Singapore,SGP,2004,0.480544801
Singapore,SGP,2005,0.467597497
Singapore,SGP,2006,0.368611555
Singapore,SGP,2007,0.380346403
Singapore,SGP,2008,0.556573765
Singapore,SGP,2009,0.402777716
Singapore,SGP,2010,0.374439425
Singapore,SGP,2011,0.309117996
Singapore,SGP,2012,0.208690716
Singapore,SGP,2013,0.31711466
Singapore,SGP,2014,0.256958906
Singapore,SGP,2015,0.252923891
Singapore,SGP,2016,0.320557936
Slovakia,SVK,1995,2.384103691
Slovakia,SVK,1996,2.453163624
Slovakia,SVK,1997,2.597453197
Slovakia,SVK,1998,2.371886621
Slovakia,SVK,1999,2.610458496
Slovakia,SVK,2000,2.389237983
Slovakia,SVK,2001,2.185182757
Slovakia,SVK,2002,2.24067684
Slovakia,SVK,2003,2.537090598
Slovakia,SVK,2004,2.000215208
Slovakia,SVK,2005,1.722553016
Slovakia,SVK,2006,1.518928911
Slovakia,SVK,2007,1.518989405
Slovakia,SVK,2008,1.592930058
Slovakia,SVK,2009,1.444252145
Slovakia,SVK,2010,1.517311975
Slovakia,SVK,2011,1.626663379
Slovakia,SVK,2012,1.162990325
Slovakia,SVK,2013,1.308724399
Slovakia,SVK,2014,1.270053734
Slovakia,SVK,2015,0.808924942
Slovakia,SVK,2016,1.047459855
Slovenia,SVN,1995,2.237813453
Slovenia,SVN,1996,1.927478128
Slovenia,SVN,1997,1.822088265
Slovenia,SVN,1998,0.707334707
Slovenia,SVN,1999,1.261111655
Slovenia,SVN,2000,1.810410767
Slovenia,SVN,2001,1.408203489
Slovenia,SVN,2002,1.810624746
Slovenia,SVN,2003,1.055825517
Slovenia,SVN,2004,1.355809644
Slovenia,SVN,2005,1.001862964
Slovenia,SVN,2006,0.598864852
Slovenia,SVN,2007,1.191931222
Slovenia,SVN,2008,0.493939852
Slovenia,SVN,2009,0.638687566
Slovenia,SVN,2010,0.73343608
Slovenia,SVN,2011,0.77918182
Slovenia,SVN,2012,0.67948301
Slovenia,SVN,2013,0.580799073
Slovenia,SVN,2014,0.820920928
Slovenia,SVN,2015,0.963953908
Slovenia,SVN,2016,0.481639841
Small states,,2012,14.4
Small states,,2014,13
Small states,,2015,13
Solomon Islands,SLB,2004,4.363725225
Solomon Islands,SLB,2005,5.533268779
Solomon Islands,SLB,2006,4.777513284
Solomon Islands,SLB,2007,5.274475595
Solomon Islands,SLB,2008,3.766276758
Somalia,SOM,2000,5.432824956
Somalia,SOM,2005,4.964398743
Somalia,SOM,2010,5.280206935
Somalia,SOM,2015,4.308456945
South Africa,ZAF,1995,64.91652658
South Africa,ZAF,1996,60.39016743
South Africa,ZAF,1997,57.11239533
South Africa,ZAF,1998,57.74168141
South Africa,ZAF,1999,51.21287095
South Africa,ZAF,2000,47.58102283
South Africa,ZAF,2001,46.14637756
South Africa,ZAF,2002,45.83192428
South Africa,ZAF,2003,41.60446931
South Africa,ZAF,2004,38.95132577
South Africa,ZAF,2005,37.95120362
South Africa,ZAF,2006,38.70386262
South Africa,ZAF,2007,36.88322257
South Africa,ZAF,2008,35.87231954
South Africa,ZAF,2009,32.89529315
South Africa,ZAF,2010,30.80954508
South Africa,ZAF,2011,29.76072257
South Africa,ZAF,2012,30.59159749
South Africa,ZAF,2013,31.66045088
South Africa,ZAF,2014,32.64602136
South Africa,ZAF,2015,33.7720859
South Africa,ZAF,2016,33.97095703
South Asia,,2012,3.9
South Asia,,2014,3.7
South Asia,,2015,3.6
South Asia (IDA & IBRD),,2012,3.9
South Asia (IDA & IBRD),,2014,3.7
South Asia (IDA & IBRD),,2015,3.6
South Korea,KOR,2011,0.858383611
South Korea,KOR,2012,0.822785859
South Korea,KOR,2013,0.68169258
South Korea,KOR,2014,0.738306769
South Korea,KOR,2015,0.721434238
South Korea,KOR,2016,0.701114184
South Sudan,SSD,2012,13.90242311
Spain,ESP,1995,1.04243724
Spain,ESP,1996,1.004567162
Spain,ESP,1997,1.168936524
Spain,ESP,1998,1.313735256
Spain,ESP,1999,1.216553843
Spain,ESP,2000,1.351955572
Spain,ESP,2001,1.393985708
Spain,ESP,2002,1.343320269
Spain,ESP,2003,1.376208971
Spain,ESP,2004,1.199492486
Spain,ESP,2005,1.176133161
Spain,ESP,2006,1.064269062
Spain,ESP,2007,1.061817658
Spain,ESP,2008,0.884824811
Spain,ESP,2009,0.88647767
Spain,ESP,2010,0.857045825
Spain,ESP,2011,0.82073561
Spain,ESP,2012,0.776824939
Spain,ESP,2013,0.646714829
Spain,ESP,2014,0.694297754
Spain,ESP,2015,0.650894838
Spain,ESP,2016,0.633484518
Sri Lanka,LKA,2003,6.817481501
Sri Lanka,LKA,2004,7.107999995
Sri Lanka,LKA,2005,6.243419185
Sri Lanka,LKA,2006,10.3913793
Sri Lanka,LKA,2008,10.03718471
Sri Lanka,LKA,2009,5.474447283
Sri Lanka,LKA,2010,3.777535723
Sri Lanka,LKA,2011,3.603245816
Sri Lanka,LKA,2012,3.309741632
Sri Lanka,LKA,2013,3.015506279
Sri Lanka,LKA,2014,2.681398812
Sri Lanka,LKA,2015,2.351062371
Sri Lanka,LKA,2016,2.54954291
Sub-Saharan Africa,,2012,14.4
Sub-Saharan Africa,,2014,9.5
Sub-Saharan Africa,,2015,9.4
Sub-Saharan Africa (IDA & IBRD),,2012,14.4
Sub-Saharan Africa (IDA & IBRD),,2014,9.5
Sub-Saharan Africa (IDA & IBRD),,2015,9.4
Sub-Saharan Africa (excluding high income),,2012,14.4
Sub-Saharan Africa (excluding high income),,2014,9.5
Sub-Saharan Africa (excluding high income),,2015,9.4
Sudan,SDN,2007,4.68055071
Sudan,SDN,2008,5.164540688
Suriname,SUR,2000,14.39488558
Suriname,SUR,2001,16.53619123
Suriname,SUR,2002,11.80016727
Suriname,SUR,2003,12.28672297
Suriname,SUR,2004,9.318720499
Suriname,SUR,2005,13.82915185
Suriname,SUR,2006,12.29409863
Suriname,SUR,2007,8.828636172
Suriname,SUR,2008,8.34711578
Swaziland,SWZ,2001,18.82700314
Swaziland,SWZ,2002,12.95181002
Swaziland,SWZ,2003,13.24269445
Swaziland,SWZ,2004,13.33268801
Swaziland,SWZ,2005,13.7447971
Swaziland,SWZ,2006,10.79861564
Swaziland,SWZ,2007,14.93279364
Swaziland,SWZ,2008,18.72470116
Swaziland,SWZ,2009,15.83839753
Swaziland,SWZ,2010,17.29236484
Sweden,SWE,1995,0.940302249
Sweden,SWE,1996,1.096364692
Sweden,SWE,1997,1.027791714
Sweden,SWE,1998,1.050532891
Sweden,SWE,1999,1.118329798
Sweden,SWE,2000,1.080881459
Sweden,SWE,2001,0.977770555
Sweden,SWE,2002,1.132198907
Sweden,SWE,2003,0.9495698
Sweden,SWE,2004,1.190126753
Sweden,SWE,2005,0.918281468
Sweden,SWE,2006,1.000410718
Sweden,SWE,2007,1.211361523
Sweden,SWE,2008,0.887744685
Sweden,SWE,2009,0.99855285
Sweden,SWE,2010,0.969098742
Sweden,SWE,2011,0.855703826
Sweden,SWE,2012,0.712720499
Sweden,SWE,2013,0.90481295
Sweden,SWE,2014,0.897890638
Sweden,SWE,2015,1.147121978
Sweden,SWE,2016,1.077762868
Switzerland,CHE,1995,1.168307188
Switzerland,CHE,1996,1.175477056
Switzerland,CHE,1997,1.226996807
Switzerland,CHE,1998,1.068474
Switzerland,CHE,1999,1.247067989
Switzerland,CHE,2000,0.962712337
Switzerland,CHE,2001,1.193999182
Switzerland,CHE,2002,1.187203492
Switzerland,CHE,2003,1.001111783
Switzerland,CHE,2004,1.061622129
Switzerland,CHE,2005,1.01210368
Switzerland,CHE,2006,0.801988182
Switzerland,CHE,2007,0.674571231
Switzerland,CHE,2008,0.706241197
Switzerland,CHE,2009,0.659156505
Switzerland,CHE,2010,0.663945257
Switzerland,CHE,2011,0.580044868
Switzerland,CHE,2012,0.560281984
Switzerland,CHE,2013,0.700876489
Switzerland,CHE,2014,0.498199858
Switzerland,CHE,2015,0.685115176
Switzerland,CHE,2016,0.536357442
Syrian Arab Republic,,1997,1.99239873
Syrian Arab Republic,,1998,2.210479198
Syrian Arab Republic,,1999,2.11907493
Syrian Arab Republic,,2000,2.175390327
Syrian Arab Republic,,2001,2.242513657
Syrian Arab Republic,,2002,2.153570529
Syrian Arab Republic,,2003,2.325545875
Syrian Arab Republic,,2004,2.392366263
Syrian Arab Republic,,2005,2.350418929
Syrian Arab Republic,,2006,2.357919864
Syrian Arab Republic,,2007,2.714843716
Syrian Arab Republic,,2008,2.6026493
Syrian Arab Republic,,2009,2.28572603
Syrian Arab Republic,,2010,2.20278632
Tajikistan,TJK,1995,7.531940623
Tajikistan,TJK,1996,8.258914936
Tajikistan,TJK,1997,8.376532186
Tajikistan,TJK,1998,8.145759659
Tajikistan,TJK,1999,5.848367077
Tajikistan,TJK,2000,4.55261691
Tajikistan,TJK,2001,3.682557244
Tajikistan,TJK,2002,2.791698358
Tajikistan,TJK,2003,2.493584721
Tajikistan,TJK,2004,2.115348777
Tajikistan,TJK,2005,2.290574389
Tajikistan,TJK,2006,2.771208062
Tajikistan,TJK,2007,1.845538237
Tajikistan,TJK,2008,1.36803996
Tajikistan,TJK,2009,1.298037595
Tajikistan,TJK,2010,2.368604604
Tajikistan,TJK,2011,1.612088308
Tanzania,TZA,2003,7.477979531
Tanzania,TZA,2004,7.649676402
Tanzania,TZA,2010,8.434097259
Tanzania,TZA,2011,8.721718163
Tanzania,TZA,2012,8.336899232
Tanzania,TZA,2013,7.30104384
Tanzania,TZA,2014,7.470105841
Tanzania,TZA,2015,6.952492557
Thailand,THA,1995,7.614397394
Thailand,THA,1996,7.42472636
Thailand,THA,1997,7.856072936
Thailand,THA,1998,8.694399449
Thailand,THA,1999,8.095033125
Thailand,THA,2000,8.167346937
Thailand,THA,2001,7.900122062
Thailand,THA,2002,7.082528342
Thailand,THA,2003,9.966702477
Thailand,THA,2004,6.573620527
Thailand,THA,2005,7.345763049
Thailand,THA,2006,7.120485419
Thailand,THA,2007,6.699839559
Thailand,THA,2008,5.971830512
Thailand,THA,2009,5.536627738
Thailand,THA,2010,5.436787393
Thailand,THA,2011,4.897073351
Thailand,THA,2012,4.898002813
Thailand,THA,2013,4.246947213
Thailand,THA,2014,3.87185762
Thailand,THA,2015,3.476672648
Thailand,THA,2016,3.239437244
Timor,TLS,2004,2.30761976
Timor,TLS,2005,4.481316806
Timor,TLS,2006,4.672803615
Timor,TLS,2007,5.821743838
Timor,TLS,2008,3.246421979
Timor,TLS,2009,2.930346578
Timor,TLS,2010,3.51480861
Timor,TLS,2015,3.948501866
Togo,TGO,2000,10.50553985
Togo,TGO,2005,10.67104429
Togo,TGO,2010,9.604078674
Togo,TGO,2015,8.999917767
Tonga,TON,2000,1.019555066
Tonga,TON,2001,6.084513898
Tonga,TON,2002,6.0493628
Tonga,TON,2003,6.012686769
Tonga,TON,2004,1.991912834
Tonga,TON,2005,3.958789006
Tonga,TON,2006,7.867124271
Tonga,TON,2007,0.976972752
Tonga,TON,2008,3.883306636
Tonga,TON,2009,7.721709587
Tonga,TON,2010,0.960273486
Tonga,TON,2011,1.912466412
Tonga,TON,2012,0.952825604
Trinidad and Tobago,TTO,2000,9.463841815
Trinidad and Tobago,TTO,2001,11.86752385
Trinidad and Tobago,TTO,2002,13.38198847
Trinidad and Tobago,TTO,2003,17.83416871
Trinidad and Tobago,TTO,2004,20.14668335
Trinidad and Tobago,TTO,2005,29.76250141
Trinidad and Tobago,TTO,2006,28.46960888
Trinidad and Tobago,TTO,2007,29.8641981
Trinidad and Tobago,TTO,2008,41.58519415
Trinidad and Tobago,TTO,2009,38.36206831
Trinidad and Tobago,TTO,2010,35.61478804
Trinidad and Tobago,TTO,2011,26.37122899
Trinidad and Tobago,TTO,2012,28.32464214
Trinidad and Tobago,TTO,2013,30.26149492
Trinidad and Tobago,TTO,2014,29.90048675
Trinidad and Tobago,TTO,2015,30.88026398
Tunisia,TUN,2004,1.946573835
Tunisia,TUN,2005,2.573624977
Tunisia,TUN,2006,2.442101596
Tunisia,TUN,2007,2.650977798
Tunisia,TUN,2008,2.690409919
Tunisia,TUN,2009,2.423531867
Tunisia,TUN,2010,2.687987356
Tunisia,TUN,2012,3.049601586
Turkey,TUR,2003,4.292903878
Turkey,TUR,2004,4.34874389
Turkey,TUR,2005,4.867207987
Turkey,TUR,2006,4.607101699
Turkey,TUR,2007,5.171179029
Turkey,TUR,2008,4.623791199
Turkey,TUR,2009,5.175276393
Turkey,TUR,2010,4.236320659
Turkey,TUR,2011,4.169762601
Turkey,TUR,2012,4.312733989
Turkmenistan,TKM,1995,6.423098321
Turkmenistan,TKM,1996,7.826247923
Turkmenistan,TKM,1997,8.256474702
Turkmenistan,TKM,1998,7.849306064
Turkmenistan,TKM,1999,7.214412103
Turkmenistan,TKM,2000,5.912140281
Turkmenistan,TKM,2001,5.433734729
Turkmenistan,TKM,2002,5.227763459
Turkmenistan,TKM,2003,5.004573923
Turkmenistan,TKM,2004,4.443595885
Turkmenistan,TKM,2005,4.332608918
Turkmenistan,TKM,2006,4.220282094
Turks and Caicos Islands,TCA,1998,0
Turks and Caicos Islands,TCA,1999,0
Turks and Caicos Islands,TCA,2000,0
Turks and Caicos Islands,TCA,2001,0
Turks and Caicos Islands,TCA,2002,9.19878576
Turks and Caicos Islands,TCA,2003,0
Turks and Caicos Islands,TCA,2005,0
Turks and Caicos Islands,TCA,2007,6.983240223
Turks and Caicos Islands,TCA,2008,6.784030392
Turks and Caicos Islands,TCA,2009,6.61266325
Turks and Caicos Islands,TCA,2013,12.0816721
Turks and Caicos Islands,TCA,2014,5.927857969
Tuvalu,TUV,2002,0
Tuvalu,TUV,2003,0
Tuvalu,TUV,2004,0
Tuvalu,TUV,2005,0
Tuvalu,TUV,2006,0
Tuvalu,TUV,2007,0
Tuvalu,TUV,2008,0
Tuvalu,TUV,2009,0
Tuvalu,TUV,2010,9.49577438
Tuvalu,TUV,2011,9.409108017
Tuvalu,TUV,2012,18.64801865
Uganda,UGA,2003,8.022589448
Uganda,UGA,2004,7.432412923
Uganda,UGA,2005,8.730399517
Uganda,UGA,2006,9.123315072
Uganda,UGA,2007,8.646478887
Uganda,UGA,2008,8.820771771
Uganda,UGA,2009,9.865160376
Uganda,UGA,2010,9.317374636
Uganda,UGA,2011,10.69424302
Uganda,UGA,2012,11.19900528
Uganda,UGA,2013,10.27061869
Uganda,UGA,2014,11.51845355
Ukraine,UKR,1995,8.62060163
Ukraine,UKR,1996,9.642859105
Ukraine,UKR,1997,8.40437323
Ukraine,UKR,1998,8.413536869
Ukraine,UKR,1999,8.609145716
Ukraine,UKR,2000,9.04585034
Ukraine,UKR,2001,10.02832786
Ukraine,UKR,2002,8.95380686
Ukraine,UKR,2003,8.492964532
Ukraine,UKR,2004,7.385213722
Ukraine,UKR,2005,6.461634111
Ukraine,UKR,2006,6.345407835
Ukraine,UKR,2007,5.704263678
Ukraine,UKR,2008,5.339230592
Ukraine,UKR,2009,4.87019792
Ukraine,UKR,2010,4.341322174
Ukraine,UKR,2012,5.151123171
Ukraine,UKR,2014,6.338642687
United Arab Emirates,ARE,2003,1.202587327
United Arab Emirates,ARE,2004,0.660480815
United Arab Emirates,ARE,2005,1.222824366
United Arab Emirates,ARE,2006,0.743986301
United Arab Emirates,ARE,2010,0.810090193
United Arab Emirates,ARE,2011,0.58806742
United Arab Emirates,ARE,2012,0.77524144
United Arab Emirates,ARE,2013,0.63289291
United Arab Emirates,ARE,2014,0.672482575
United Arab Emirates,ARE,2015,0.655429546
United Arab Emirates,ARE,2016,0.893811105
United Kingdom,GBR,1995,1.468637853
United Kingdom,GBR,1996,1.320754717
United Kingdom,GBR,1997,1.433281614
United Kingdom,GBR,1998,1.450116009
United Kingdom,GBR,1999,1.474977375
United Kingdom,GBR,2000,1.552140522
United Kingdom,GBR,2001,1.633154235
United Kingdom,GBR,2002,1.865239308
United Kingdom,GBR,2003,1.554207032
United Kingdom,GBR,2004,1.586396983
United Kingdom,GBR,2005,1.383388464
United Kingdom,GBR,2006,1.414408524
United Kingdom,GBR,2007,1.421484707
United Kingdom,GBR,2008,1.227523177
United Kingdom,GBR,2009,1.125590969
United Kingdom,GBR,2010,1.1941837
United Kingdom,GBR,2011,1.004515115
United Kingdom,GBR,2012,0.975870474
United Kingdom,GBR,2013,0.932842892
United Kingdom,GBR,2014,0.907473313
United Kingdom,GBR,2015,0.992399049
United Kingdom,GBR,2016,1.202410668
United States,USA,1995,8.112683408
United States,USA,1996,7.292303034
United States,USA,1997,6.678321943
United States,USA,1998,6.150310368
United States,USA,1999,5.557464494
United States,USA,2000,5.527287911
United States,USA,2001,6.681706246
United States,USA,2002,5.644735132
United States,USA,2003,5.698767508
United States,USA,2004,5.519941654
United States,USA,2005,5.672086302
United States,USA,2006,5.811756258
United States,USA,2007,5.698028919
United States,USA,2008,5.433885685
United States,USA,2009,5.031097436
United States,USA,2010,4.76993703
United States,USA,2011,4.713369325
United States,USA,2012,4.741244976
United States,USA,2013,4.537982773
United States,USA,2014,4.458030477
United States,USA,2015,4.964536493
United States,USA,2016,5.353325095
United States Virgin Islands,VIR,1999,24.9
United States Virgin Islands,VIR,2000,21.15487206
United States Virgin Islands,VIR,2001,25.76133959
United States Virgin Islands,VIR,2002,37.76817709
United States Virgin Islands,VIR,2003,28.61045481
United States Virgin Islands,VIR,2004,34.23200044
United States Virgin Islands,VIR,2005,34.32504894
United States Virgin Islands,VIR,2006,40.01042132
United States Virgin Islands,VIR,2007,40.13402899
United States Virgin Islands,VIR,2008,43.07196764
United States Virgin Islands,VIR,2009,46.96202651
United States Virgin Islands,VIR,2010,52.75603162
United States Virgin Islands,VIR,2011,42.51580171
United States Virgin Islands,VIR,2012,49.26248378
Upper middle income,,2012,7.4
Upper middle income,,2014,7.3
Upper middle income,,2015,7.2
Uruguay,URY,2000,6.44336687
Uruguay,URY,2001,6.552246805
Uruguay,URY,2002,6.941579248
Uruguay,URY,2003,5.923677178
Uruguay,URY,2004,6.016673405
Uruguay,URY,2005,5.713234136
Uruguay,URY,2006,6.064166689
Uruguay,URY,2007,5.808833679
Uruguay,URY,2008,6.595392656
Uruguay,URY,2009,6.720679919
Uruguay,URY,2010,6.075127096
Uruguay,URY,2011,5.877793872
Uruguay,URY,2012,7.860392366
Uruguay,URY,2013,7.629096788
Uruguay,URY,2014,7.8372977
Uruguay,URY,2015,8.538410608
Uruguay,URY,2016,7.694270457
Uzbekistan,UZB,1995,5.04813464
Uzbekistan,UZB,1996,4.938440392
Uzbekistan,UZB,1997,4.437572989
Uzbekistan,UZB,1998,4.414063713
Uzbekistan,UZB,1999,4.143944616
Uzbekistan,UZB,2000,4.297973514
Uzbekistan,UZB,2001,4.291636426
Uzbekistan,UZB,2002,4.147088203
Uzbekistan,UZB,2003,3.728127881
Uzbekistan,UZB,2004,3.677324205
Uzbekistan,UZB,2005,3.432384145
Uzbekistan,UZB,2006,3.201902488
Uzbekistan,UZB,2007,2.986182038
Uzbekistan,UZB,2008,2.99828708
Vanuatu,VUT,2000,2.913910328
Vanuatu,VUT,2005,2.474884683
Vanuatu,VUT,2010,2.3101749
Vanuatu,VUT,2015,2.128923797
Venezuela,VEN,1995,20.33591335
Venezuela,VEN,1996,22.04962584
Venezuela,VEN,1997,18.39978807
Venezuela,VEN,1998,19.42424157
Venezuela,VEN,1999,24.98512426
Venezuela,VEN,2000,32.75844749
Venezuela,VEN,2001,31.90575649
Venezuela,VEN,2002,37.84924061
Venezuela,VEN,2003,43.8447916
Venezuela,VEN,2004,36.91615808
Venezuela,VEN,2005,37.2010906
Venezuela,VEN,2006,44.99770331
Venezuela,VEN,2007,47.50836569
Venezuela,VEN,2008,51.84121599
Venezuela,VEN,2009,48.9202854
Venezuela,VEN,2010,45.0598909
Venezuela,VEN,2011,47.84937297
Venezuela,VEN,2012,53.76495162
Venezuela,VEN,2014,61.90957766
Venezuela,VEN,2016,56.33331991
Vietnam,VNM,2001,1.237368748
Vietnam,VNM,2002,1.301910223
Vietnam,VNM,2003,1.279794467
Vietnam,VNM,2004,1.272632049
Vietnam,VNM,2005,1.248979303
Vietnam,VNM,2006,1.231570265
Vietnam,VNM,2007,1.359885406
Vietnam,VNM,2008,1.259402254
Vietnam,VNM,2009,1.408090298
Vietnam,VNM,2010,1.510073547
Vietnam,VNM,2011,1.518393289
World,OWID_WRL,2012,6.2
World,OWID_WRL,2014,5.3
World,OWID_WRL,2015,5.3
Yemen,YEM,2000,3.899360689
Yemen,YEM,2003,3.617289534
Yemen,YEM,2004,3.227245868
Yemen,YEM,2005,4.591183751
Yemen,YEM,2006,4.2295719
Yemen,YEM,2007,3.907757611
Yemen,YEM,2008,3.909396646
Yemen,YEM,2009,4.309044872
Yemen,YEM,2010,4.655442405
Yemen,YEM,2011,5.669587336
Yemen,YEM,2012,6.48736255
Yemen,YEM,2013,6.658502344
Zambia,ZMB,1998,9.006349683
Zambia,ZMB,1999,10.77916143
Zambia,ZMB,2000,7.567973362
Zambia,ZMB,2008,5.304789591
Zambia,ZMB,2009,6.034295756
Zambia,ZMB,2010,5.877242314
Zambia,ZMB,2011,6.049875652
Zambia,ZMB,2012,6.020433965
Zambia,ZMB,2013,5.721559986
Zambia,ZMB,2014,5.281360817
Zambia,ZMB,2015,5.297943485
Zimbabwe,ZWE,2001,12.36438298
Zimbabwe,ZWE,2002,12.98345469
Zimbabwe,ZWE,2003,10.76469121
Zimbabwe,ZWE,2004,10.61239548
Zimbabwe,ZWE,2005,10.43274082
Zimbabwe,ZWE,2006,8.168075215
Zimbabwe,ZWE,2010,5.047451367
Zimbabwe,ZWE,2012,6.668558244
