Entity,Code,Year,Men (15-65) leisure time [min]
Australia,AUS,2018,297.0313589
Austria,AUT,2018,308.0904955
Belgium,BEL,2018,394.369338
Canada,CAN,2018,297.8048703
China,CHN,2018,248
Denmark,DNK,2018,339.5426057
Estonia,EST,2018,345.3140619
Finland,FIN,2018,358.739503
France,FRA,2018,319.1308068
Germany,DEU,2018,346.2537733
Greece,GRC,2018,393
Hungary,HUN,2018,303.2105629
India,IND,2018,282.6432935
Ireland,IRL,2018,341.0424102
Italy,ITA,2018,366.0957532
Japan,JPN,2018,291.8228846
Korea,,2018,314.4278607
Latvia,LVA,2018,290.4787535
Mexico,MEX,2018,193.0398544
Netherlands,NLD,2018,300.6930237
New Zealand,NZL,2018,306
Norway,NOR,2018,370.338889
Poland,POL,2018,301.209173
Portugal,PRT,2018,289.1404612
Slovenia,SVN,2018,336.9359331
South Africa,ZAF,2018,334.19432
Spain,ESP,2018,347.169256
Sweden,SWE,2018,313.7028081
Turkey,TUR,2018,297.2384937
United Kingdom,GBR,2018,326.5157334
United States,USA,2018,305.3076103
