Entity,Code,Year,Women (15 - 65) leisure time [min]
Australia,AUS,2018,269
Austria,AUT,2018,274.275136
Belgium,BEL,2018,345.759889
Canada,CAN,2018,259.6645286
China,CHN,2018,211
Denmark,DNK,2018,319.6125445
Estonia,EST,2018,277.8094944
Finland,FIN,2018,303.604136
France,FRA,2018,269.7433797
Germany,DEU,2018,315.7683317
Greece,GRC,2018,318.1163435
Hungary,HUN,2018,254.5302714
India,IND,2018,220.9484937
Ireland,IRL,2018,289.7233282
Italy,ITA,2018,280.9222537
Japan,JPN,2018,266.195374
Korea,,2018,268.2668155
Latvia,LVA,2018,249.2481798
Mexico,MEX,2018,164.6418087
Netherlands,NLD,2018,290.2996521
New Zealand,NZL,2018,295
Norway,NOR,2018,365.848199
Poland,POL,2018,258.5635359
Portugal,PRT,2018,199.7765363
Slovenia,SVN,2018,283.1966644
South Africa,ZAF,2018,281.849864
Spain,ESP,2018,283.995586
Sweden,SWE,2018,272.3750832
Turkey,TUR,2018,270.7520891
United Kingdom,GBR,2018,284.6779589
United States,USA,2018,261.9673674
