Entity,Code,Year,Smokers [%]
Albania,ALB,2000,34.8
Albania,ALB,2005,32.7
Albania,ALB,2010,31.2
Albania,ALB,2011,30.7
Albania,ALB,2012,30.2
Albania,ALB,2013,29.8
Albania,ALB,2014,29.5
Albania,ALB,2015,29.1
Albania,ALB,2016,28.7
Algeria,DZA,2000,16.6
Algeria,DZA,2005,15.5
Algeria,DZA,2010,15.2
Algeria,DZA,2011,15.2
Algeria,DZA,2012,15.3
Algeria,DZA,2013,15.3
Algeria,DZA,2014,15.4
Algeria,DZA,2015,15.5
Algeria,DZA,2016,15.6
Andorra,AND,2000,37.4
Andorra,AND,2005,36
Andorra,AND,2010,34.8
Andorra,AND,2011,34.5
Andorra,AND,2012,34.2
Andorra,AND,2013,34.1
Andorra,AND,2014,33.9
Andorra,AND,2015,33.7
Andorra,AND,2016,33.5
Arab World,,2000,18.99745069
Arab World,,2005,19.34137604
Arab World,,2011,20.6535374
Arab World,,2012,20.84803994
Arab World,,2013,21.1090068
Arab World,,2014,21.42524796
Arab World,,2015,21.70318901
Arab World,,2016,21.95459232
Argentina,ARG,2000,41.4
Argentina,ARG,2005,33.7
Argentina,ARG,2010,27.5
Argentina,ARG,2011,26.3
Argentina,ARG,2012,25.4
Argentina,ARG,2013,24.4
Argentina,ARG,2014,23.5
Argentina,ARG,2015,22.5
Argentina,ARG,2016,21.8
Armenia,ARM,2000,31.8
Armenia,ARM,2005,30.3
Armenia,ARM,2010,29.3
Armenia,ARM,2011,28.7
Armenia,ARM,2012,27.5
Armenia,ARM,2013,26.5
Armenia,ARM,2014,25.5
Armenia,ARM,2015,24.5
Armenia,ARM,2016,24.1
Australia,AUS,2000,24.5
Australia,AUS,2005,20.9
Australia,AUS,2010,17.8
Australia,AUS,2011,17.2
Australia,AUS,2012,16.7
Australia,AUS,2013,16.2
Australia,AUS,2014,15.7
Australia,AUS,2015,15.2
Australia,AUS,2016,14.7
Austria,AUT,2000,49.1
Austria,AUT,2005,41.9
Austria,AUT,2010,35.7
Austria,AUT,2011,34.6
Austria,AUT,2012,33.6
Austria,AUT,2013,32.4
Austria,AUT,2014,31.4
Austria,AUT,2015,30.6
Austria,AUT,2016,29.6
Azerbaijan,AZE,2000,26.7
Azerbaijan,AZE,2005,24.7
Azerbaijan,AZE,2010,22.9
Azerbaijan,AZE,2011,22.4
Azerbaijan,AZE,2012,22.2
Azerbaijan,AZE,2013,21.8
Azerbaijan,AZE,2014,21.5
Azerbaijan,AZE,2015,21.3
Azerbaijan,AZE,2016,20.8
Bahamas,BHS,2000,10.6
Bahamas,BHS,2005,10.7
Bahamas,BHS,2010,10.9
Bahamas,BHS,2011,11
Bahamas,BHS,2012,11.1
Bahamas,BHS,2013,11.2
Bahamas,BHS,2014,11.2
Bahamas,BHS,2015,11.4
Bahamas,BHS,2016,11.5
Bahrain,BHR,2000,22.4
Bahrain,BHR,2005,23.7
Bahrain,BHR,2010,25
Bahrain,BHR,2011,25.2
Bahrain,BHR,2012,25.4
Bahrain,BHR,2013,25.6
Bahrain,BHR,2014,25.8
Bahrain,BHR,2015,26
Bahrain,BHR,2016,26.4
Bangladesh,BGD,2000,31.4
Bangladesh,BGD,2005,28.2
Bangladesh,BGD,2010,25.3
Bangladesh,BGD,2011,24.8
Bangladesh,BGD,2012,24.4
Bangladesh,BGD,2013,24
Bangladesh,BGD,2014,23.5
Bangladesh,BGD,2015,23.2
Bangladesh,BGD,2016,23
Barbados,BRB,2000,8.3
Barbados,BRB,2005,8
Barbados,BRB,2010,7.9
Barbados,BRB,2011,7.9
Barbados,BRB,2012,7.9
Barbados,BRB,2013,7.9
Barbados,BRB,2014,7.8
Barbados,BRB,2015,7.8
Barbados,BRB,2016,7.8
Belarus,BLR,2000,36.7
Belarus,BLR,2005,33.1
Belarus,BLR,2010,29.9
Belarus,BLR,2011,29.4
Belarus,BLR,2012,28.8
Belarus,BLR,2013,28.2
Belarus,BLR,2014,27.7
Belarus,BLR,2015,27.2
Belarus,BLR,2016,26.7
Belgium,BEL,2000,37.4
Belgium,BEL,2005,34.1
Belgium,BEL,2010,31.1
Belgium,BEL,2011,30.6
Belgium,BEL,2012,30.1
Belgium,BEL,2013,29.6
Belgium,BEL,2014,29.1
Belgium,BEL,2015,28.6
Belgium,BEL,2016,28.2
Benin,BEN,2000,9.1
Benin,BEN,2005,8.1
Benin,BEN,2010,7.2
Benin,BEN,2011,7.1
Benin,BEN,2012,6.9
Benin,BEN,2013,6.8
Benin,BEN,2014,6.7
Benin,BEN,2015,6.5
Benin,BEN,2016,6.4
Bosnia and Herzegovina,BIH,2000,47.7
Bosnia and Herzegovina,BIH,2005,44.3
Bosnia and Herzegovina,BIH,2010,41.7
Bosnia and Herzegovina,BIH,2011,41.2
Bosnia and Herzegovina,BIH,2012,40.7
Bosnia and Herzegovina,BIH,2013,40.2
Bosnia and Herzegovina,BIH,2014,39.7
Bosnia and Herzegovina,BIH,2015,39.4
Bosnia and Herzegovina,BIH,2016,38.9
Botswana,BWA,2000,19.5
Botswana,BWA,2005,19.5
Botswana,BWA,2010,19.7
Botswana,BWA,2011,19.7
Botswana,BWA,2012,19.7
Botswana,BWA,2013,19.7
Botswana,BWA,2014,19.7
Botswana,BWA,2015,19.7
Botswana,BWA,2016,20
Brazil,BRA,2000,25.2
Brazil,BRA,2005,20.8
Brazil,BRA,2010,17.2
Brazil,BRA,2011,16.7
Brazil,BRA,2012,16
Brazil,BRA,2013,15.5
Brazil,BRA,2014,14.9
Brazil,BRA,2015,14.3
Brazil,BRA,2016,13.9
Brunei,BRN,2000,17
Brunei,BRN,2005,16.8
Brunei,BRN,2010,16.9
Brunei,BRN,2011,17
Brunei,BRN,2012,16.9
Brunei,BRN,2013,16.9
Brunei,BRN,2014,16.9
Brunei,BRN,2015,16.9
Brunei,BRN,2016,16.9
Bulgaria,BGR,2000,52
Bulgaria,BGR,2005,46.4
Bulgaria,BGR,2010,41.8
Bulgaria,BGR,2011,40.9
Bulgaria,BGR,2012,39.9
Bulgaria,BGR,2013,39.3
Bulgaria,BGR,2014,38.5
Bulgaria,BGR,2015,37.7
Bulgaria,BGR,2016,37
Burkina Faso,BFA,2000,17.2
Burkina Faso,BFA,2005,15
Burkina Faso,BFA,2010,13.6
Burkina Faso,BFA,2011,13.3
Burkina Faso,BFA,2012,13.2
Burkina Faso,BFA,2013,13
Burkina Faso,BFA,2014,12.8
Burkina Faso,BFA,2015,12.7
Burkina Faso,BFA,2016,12.5
Cambodia,KHM,2000,30.1
Cambodia,KHM,2005,25.1
Cambodia,KHM,2010,21
Cambodia,KHM,2011,20.3
Cambodia,KHM,2012,19.7
Cambodia,KHM,2013,18.9
Cambodia,KHM,2014,18.3
Cambodia,KHM,2015,17.7
Cambodia,KHM,2016,17.2
Canada,CAN,2000,28.2
Canada,CAN,2005,22.8
Canada,CAN,2010,18.4
Canada,CAN,2011,17.6
Canada,CAN,2012,16.9
Canada,CAN,2013,16.3
Canada,CAN,2014,15.6
Canada,CAN,2015,15
Canada,CAN,2016,14.3
Cape Verde,CPV,2000,13
Cape Verde,CPV,2005,11.4
Cape Verde,CPV,2010,10.2
Cape Verde,CPV,2011,10
Cape Verde,CPV,2012,9.8
Cape Verde,CPV,2013,9.6
Cape Verde,CPV,2014,9.5
Cape Verde,CPV,2015,9.3
Cape Verde,CPV,2016,9.1
Central Europe and the Baltics,,2000,39.51400305
Central Europe and the Baltics,,2005,36.1538844
Central Europe and the Baltics,,2010,33.22714357
Central Europe and the Baltics,,2011,32.75156194
Central Europe and the Baltics,,2012,32.23355872
Central Europe and the Baltics,,2013,31.77426981
Central Europe and the Baltics,,2014,31.24533834
Central Europe and the Baltics,,2015,30.80473277
Central Europe and the Baltics,,2016,30.39367047
Chile,CHL,2000,56.6
Chile,CHL,2005,49.6
Chile,CHL,2010,43.6
Chile,CHL,2011,42.6
Chile,CHL,2012,41.5
Chile,CHL,2013,40.6
Chile,CHL,2014,39.6
Chile,CHL,2015,38.7
Chile,CHL,2016,37.8
China,CHN,2000,30.1
China,CHN,2005,28.5
China,CHN,2010,27.1
China,CHN,2011,26.7
China,CHN,2012,26.7
China,CHN,2013,26.4
China,CHN,2014,26.1
China,CHN,2015,25.8
China,CHN,2016,25.6
Colombia,COL,2000,20.1
Colombia,COL,2005,15.4
Colombia,COL,2010,12
Colombia,COL,2011,11.5
Colombia,COL,2012,10.9
Colombia,COL,2013,10.4
Colombia,COL,2014,9.9
Colombia,COL,2015,9.5
Colombia,COL,2016,9
Comoros,COM,2000,21.1
Comoros,COM,2005,18.3
Comoros,COM,2010,16.1
Comoros,COM,2011,15.7
Comoros,COM,2012,15.3
Comoros,COM,2013,15
Comoros,COM,2014,14.7
Comoros,COM,2015,14.4
Comoros,COM,2016,14
Congo,COG,2000,5.7
Congo,COG,2005,9.1
Congo,COG,2010,14.7
Congo,COG,2011,16.1
Congo,COG,2012,17.9
Congo,COG,2013,19.8
Congo,COG,2014,22
Congo,COG,2015,24.2
Congo,COG,2016,26.9
Costa Rica,CRI,2000,18
Costa Rica,CRI,2005,15.7
Costa Rica,CRI,2010,13.7
Costa Rica,CRI,2011,13.4
Costa Rica,CRI,2012,13.1
Costa Rica,CRI,2013,12.7
Costa Rica,CRI,2014,12.4
Costa Rica,CRI,2015,12.1
Costa Rica,CRI,2016,11.9
Croatia,HRV,2000,33.1
Croatia,HRV,2005,34.3
Croatia,HRV,2010,35.3
Croatia,HRV,2011,35.6
Croatia,HRV,2012,35.7
Croatia,HRV,2013,36.1
Croatia,HRV,2014,36.4
Croatia,HRV,2015,36.7
Croatia,HRV,2016,37
Cuba,CUB,2000,45.7
Cuba,CUB,2005,41.6
Cuba,CUB,2010,38.4
Cuba,CUB,2011,37.7
Cuba,CUB,2012,37.2
Cuba,CUB,2013,36.5
Cuba,CUB,2014,36.1
Cuba,CUB,2015,35.9
Cuba,CUB,2016,35.2
Cyprus,CYP,2000,42.4
Cyprus,CYP,2005,40.3
Cyprus,CYP,2010,38.3
Cyprus,CYP,2011,38
Cyprus,CYP,2012,37.5
Cyprus,CYP,2013,37.3
Cyprus,CYP,2014,36.9
Cyprus,CYP,2015,36.7
Cyprus,CYP,2016,36.4
Czech Republic,CZE,2000,34.1
Czech Republic,CZE,2005,34.3
Czech Republic,CZE,2010,34.3
Czech Republic,CZE,2011,34.2
Czech Republic,CZE,2012,34.3
Czech Republic,CZE,2013,34.3
Czech Republic,CZE,2014,34.2
Czech Republic,CZE,2015,34.3
Czech Republic,CZE,2016,34.3
Denmark,DNK,2000,38.3
Denmark,DNK,2005,30.7
Denmark,DNK,2010,24.7
Denmark,DNK,2011,23.6
Denmark,DNK,2012,22.5
Denmark,DNK,2013,21.7
Denmark,DNK,2014,20.7
Denmark,DNK,2015,19.9
Denmark,DNK,2016,19.1
Djibouti,DJI,2000,17.6
Djibouti,DJI,2005,16
Djibouti,DJI,2010,14.5
Djibouti,DJI,2011,14.3
Djibouti,DJI,2012,14
Djibouti,DJI,2013,13.7
Djibouti,DJI,2014,13.6
Djibouti,DJI,2015,13.3
Djibouti,DJI,2016,13.1
Dominican Republic,DOM,2000,18.7
Dominican Republic,DOM,2005,16.8
Dominican Republic,DOM,2010,15.2
Dominican Republic,DOM,2011,14.9
Dominican Republic,DOM,2012,14.6
Dominican Republic,DOM,2013,14.4
Dominican Republic,DOM,2014,14.1
Dominican Republic,DOM,2015,13.9
Dominican Republic,DOM,2016,13.7
Early-demographic dividend,,2000,23.91228084
Early-demographic dividend,,2005,21.04473659
Early-demographic dividend,,2010,18.93719467
Early-demographic dividend,,2011,18.5187735
Early-demographic dividend,,2012,18.20927946
Early-demographic dividend,,2013,17.8710933
Early-demographic dividend,,2014,17.55383252
Early-demographic dividend,,2015,17.28576025
Early-demographic dividend,,2016,17.02670901
East Asia & Pacific,,2000,30.52903052
East Asia & Pacific,,2005,28.84965519
East Asia & Pacific,,2010,27.56825191
East Asia & Pacific,,2011,27.20072369
East Asia & Pacific,,2012,27.14199714
East Asia & Pacific,,2013,26.87828661
East Asia & Pacific,,2014,26.64253665
East Asia & Pacific,,2015,26.40309163
East Asia & Pacific,,2016,26.22821877
East Asia & Pacific (IDA & IBRD),,2000,30.3471794
East Asia & Pacific (IDA & IBRD),,2005,28.92897074
East Asia & Pacific (IDA & IBRD),,2010,27.85508288
East Asia & Pacific (IDA & IBRD),,2011,27.51635132
East Asia & Pacific (IDA & IBRD),,2012,27.50204392
East Asia & Pacific (IDA & IBRD),,2013,27.26656808
East Asia & Pacific (IDA & IBRD),,2014,27.05906122
East Asia & Pacific (IDA & IBRD),,2015,26.85000941
East Asia & Pacific (IDA & IBRD),,2016,26.70616183
East Asia & Pacific (excluding high income),,2000,30.3471794
East Asia & Pacific (excluding high income),,2005,28.92897074
East Asia & Pacific (excluding high income),,2010,27.85508288
East Asia & Pacific (excluding high income),,2011,27.51635132
East Asia & Pacific (excluding high income),,2012,27.50204392
East Asia & Pacific (excluding high income),,2013,27.26656808
East Asia & Pacific (excluding high income),,2014,27.05906122
East Asia & Pacific (excluding high income),,2015,26.85000941
East Asia & Pacific (excluding high income),,2016,26.70616183
Ecuador,ECU,2000,13.9
Ecuador,ECU,2005,11.2
Ecuador,ECU,2010,9
Ecuador,ECU,2011,8.7
Ecuador,ECU,2012,8.4
Ecuador,ECU,2013,8
Ecuador,ECU,2014,7.7
Ecuador,ECU,2015,7.4
Ecuador,ECU,2016,7.1
Egypt,EGY,2000,17.6
Egypt,EGY,2005,19.3
Egypt,EGY,2010,21.8
Egypt,EGY,2011,22.2
Egypt,EGY,2012,22.6
Egypt,EGY,2013,23.3
Egypt,EGY,2014,24
Egypt,EGY,2015,24.6
Egypt,EGY,2016,25.2
El Salvador,SLV,2000,16
El Salvador,SLV,2005,13.5
El Salvador,SLV,2010,11.6
El Salvador,SLV,2011,11.3
El Salvador,SLV,2012,11
El Salvador,SLV,2013,10.7
El Salvador,SLV,2014,10.3
El Salvador,SLV,2015,10.1
El Salvador,SLV,2016,9.9
Eritrea,ERI,2000,8.7
Eritrea,ERI,2005,7.6
Eritrea,ERI,2010,6.7
Eritrea,ERI,2011,6.5
Eritrea,ERI,2012,6.4
Eritrea,ERI,2013,6.3
Eritrea,ERI,2014,6.1
Eritrea,ERI,2015,5.9
Eritrea,ERI,2016,5.7
Estonia,EST,2000,39.6
Estonia,EST,2005,36.8
Estonia,EST,2010,34.2
Estonia,EST,2011,33.6
Estonia,EST,2012,33.2
Estonia,EST,2013,32.7
Estonia,EST,2014,32.3
Estonia,EST,2015,31.8
Estonia,EST,2016,31.3
Ethiopia,ETH,2000,4.8
Ethiopia,ETH,2005,4.6
Ethiopia,ETH,2010,4.5
Ethiopia,ETH,2011,4.4
Ethiopia,ETH,2012,4.5
Ethiopia,ETH,2013,4.4
Ethiopia,ETH,2014,4.4
Ethiopia,ETH,2015,4.4
Ethiopia,ETH,2016,4.4
Euro area,,2000,34.9525272
Euro area,,2005,32.92155291
Euro area,,2010,31.08331836
Euro area,,2011,30.78836504
Euro area,,2012,30.40619612
Euro area,,2013,30.05168073
Euro area,,2014,29.75714179
Euro area,,2015,29.42562455
Euro area,,2016,29.14870902
Europe & Central Asia,,2000,36.98431394
Europe & Central Asia,,2005,34.27475904
Europe & Central Asia,,2010,31.83567305
Europe & Central Asia,,2011,31.42602955
Europe & Central Asia,,2012,30.9811723
Europe & Central Asia,,2013,30.53416599
Europe & Central Asia,,2014,30.12132382
Europe & Central Asia,,2015,29.70368619
Europe & Central Asia,,2016,29.29962286
Europe & Central Asia (IDA & IBRD),,2000,38.46840195
Europe & Central Asia (IDA & IBRD),,2005,35.7904039
Europe & Central Asia (IDA & IBRD),,2010,33.33807011
Europe & Central Asia (IDA & IBRD),,2011,32.93674453
Europe & Central Asia (IDA & IBRD),,2012,32.49971406
Europe & Central Asia (IDA & IBRD),,2013,32.05587712
Europe & Central Asia (IDA & IBRD),,2014,31.64723016
Europe & Central Asia (IDA & IBRD),,2015,31.20015448
Europe & Central Asia (IDA & IBRD),,2016,30.7776777
Europe & Central Asia (excluding high income),,2000,38.30014569
Europe & Central Asia (excluding high income),,2005,35.78580363
Europe & Central Asia (excluding high income),,2010,33.46294334
Europe & Central Asia (excluding high income),,2011,33.07407842
Europe & Central Asia (excluding high income),,2012,32.65693266
Europe & Central Asia (excluding high income),,2013,32.21853893
Europe & Central Asia (excluding high income),,2014,31.8398833
Europe & Central Asia (excluding high income),,2015,31.39851895
Europe & Central Asia (excluding high income),,2016,30.98479384
European Union,,2000,36.37982098
European Union,,2005,33.4561652
European Union,,2010,30.86018664
European Union,,2011,30.42373121
European Union,,2012,29.9387829
European Union,,2013,29.47535903
European Union,,2014,29.02845005
European Union,,2015,28.61923587
European Union,,2016,28.22395908
Fiji,FJI,2000,35.1
Fiji,FJI,2005,30.6
Fiji,FJI,2010,26.7
Fiji,FJI,2011,25.8
Fiji,FJI,2012,25.2
Fiji,FJI,2013,24.4
Fiji,FJI,2014,23.8
Fiji,FJI,2015,23.2
Fiji,FJI,2016,22.6
Finland,FIN,2000,29.7
Finland,FIN,2005,26.3
Finland,FIN,2010,23.5
Finland,FIN,2011,22.9
Finland,FIN,2012,22.4
Finland,FIN,2013,21.9
Finland,FIN,2014,21.3
Finland,FIN,2015,20.9
Finland,FIN,2016,20.4
France,FRA,2000,34.9
France,FRA,2005,34.1
France,FRA,2010,33.4
France,FRA,2011,33.3
France,FRA,2012,33.1
France,FRA,2013,33
France,FRA,2014,32.9
France,FRA,2015,32.8
France,FRA,2016,32.7
Gambia,GMB,2000,19.9
Gambia,GMB,2005,18.2
Gambia,GMB,2010,16.9
Gambia,GMB,2011,16.6
Gambia,GMB,2012,16.4
Gambia,GMB,2013,16.1
Gambia,GMB,2014,16
Gambia,GMB,2015,15.8
Gambia,GMB,2016,15.5
Georgia,GEO,2000,32.2
Georgia,GEO,2005,30.8
Georgia,GEO,2010,29.8
Georgia,GEO,2011,29.5
Georgia,GEO,2012,29.4
Georgia,GEO,2013,29.2
Georgia,GEO,2014,28.9
Georgia,GEO,2015,28.8
Georgia,GEO,2016,28.8
Germany,DEU,2000,35.3
Germany,DEU,2005,33.7
Germany,DEU,2010,32.2
Germany,DEU,2011,32
Germany,DEU,2012,31.7
Germany,DEU,2013,31.4
Germany,DEU,2014,31.1
Germany,DEU,2015,30.9
Germany,DEU,2016,30.6
Ghana,GHA,2000,5.9
Ghana,GHA,2005,5
Ghana,GHA,2010,4.4
Ghana,GHA,2011,4.3
Ghana,GHA,2012,4.3
Ghana,GHA,2013,4.1
Ghana,GHA,2014,4.1
Ghana,GHA,2015,4
Ghana,GHA,2016,3.9
Greece,GRC,2000,53.5
Greece,GRC,2005,49.7
Greece,GRC,2010,46.6
Greece,GRC,2011,46.1
Greece,GRC,2012,45.3
Greece,GRC,2013,44.9
Greece,GRC,2014,44.4
Greece,GRC,2015,43.8
Greece,GRC,2016,43.4
Haiti,HTI,2000,12.1
Haiti,HTI,2005,12
Haiti,HTI,2010,12.3
Haiti,HTI,2011,12.3
Haiti,HTI,2012,12.4
Haiti,HTI,2013,12.5
Haiti,HTI,2014,12.6
Haiti,HTI,2015,12.7
Haiti,HTI,2016,12.7
High income,,2000,33.72084507
High income,,2005,30.1454709
High income,,2010,27.0699829
High income,,2011,26.52172079
High income,,2012,26.02363557
High income,,2013,25.47981039
High income,,2014,24.9760899
High income,,2015,24.48855941
High income,,2016,24.02272294
Honduras,HND,2000,3.9
Honduras,HND,2005,3.1
Honduras,HND,2010,2.5
Honduras,HND,2011,2.4
Honduras,HND,2012,2.4
Honduras,HND,2013,2.3
Honduras,HND,2014,2.2
Honduras,HND,2015,2.1
Honduras,HND,2016,2
Hungary,HUN,2000,41.1
Hungary,HUN,2005,37.3
Hungary,HUN,2010,34.1
Hungary,HUN,2011,33.4
Hungary,HUN,2012,32.9
Hungary,HUN,2013,32.3
Hungary,HUN,2014,31.7
Hungary,HUN,2015,31.1
Hungary,HUN,2016,30.6
IBRD only,,2000,27.66045052
IBRD only,,2005,25.09351991
IBRD only,,2010,23.05436466
IBRD only,,2011,22.61023008
IBRD only,,2012,22.35259399
IBRD only,,2013,21.9798667
IBRD only,,2014,21.61739239
IBRD only,,2015,21.28389373
IBRD only,,2016,20.98533204
IDA & IBRD total,,2000,26.54238212
IDA & IBRD total,,2005,23.98867038
IDA & IBRD total,,2010,21.91795121
IDA & IBRD total,,2011,21.48004879
IDA & IBRD total,,2012,21.20333499
IDA & IBRD total,,2013,20.83060048
IDA & IBRD total,,2014,20.46512147
IDA & IBRD total,,2015,20.12832979
IDA & IBRD total,,2016,19.82862344
IDA blend,,2000,17.603186
IDA blend,,2005,16.24559378
IDA blend,,2010,15.07406559
IDA blend,,2011,14.89956519
IDA blend,,2012,14.70911734
IDA blend,,2013,14.57454607
IDA blend,,2014,14.36747794
IDA blend,,2015,14.18227587
IDA blend,,2016,14.0381782
IDA only,,2000,22.60753295
IDA only,,2005,19.82608555
IDA only,,2010,17.43369509
IDA only,,2011,16.99882241
IDA only,,2012,16.65107093
IDA only,,2013,16.26230629
IDA only,,2014,15.91525884
IDA only,,2015,15.60151706
IDA only,,2016,15.33657144
IDA total,,2000,20.6128299
IDA total,,2005,18.3932127
IDA total,,2010,16.48588909
IDA total,,2011,16.1558973
IDA total,,2012,15.87172115
IDA total,,2013,15.58521648
IDA total,,2014,15.29463482
IDA total,,2015,15.03286876
IDA total,,2016,14.81690547
Iceland,ISL,2000,30.1
Iceland,ISL,2005,24
Iceland,ISL,2010,19.1
Iceland,ISL,2011,18.4
Iceland,ISL,2012,17.6
Iceland,ISL,2013,16.8
Iceland,ISL,2014,16.1
Iceland,ISL,2015,15.4
Iceland,ISL,2016,14.7
India,IND,2000,21.2
India,IND,2005,17.3
India,IND,2010,14.3
India,IND,2011,13.7
India,IND,2012,13.3
India,IND,2013,12.8
India,IND,2014,12.3
India,IND,2015,11.9
India,IND,2016,11.5
Indonesia,IDN,2000,32.9
Indonesia,IDN,2005,34.6
Indonesia,IDN,2010,37.1
Indonesia,IDN,2011,37.3
Indonesia,IDN,2012,37.6
Indonesia,IDN,2013,38
Indonesia,IDN,2014,38.5
Indonesia,IDN,2015,39
Indonesia,IDN,2016,39.4
Iran,IRN,2000,17.5
Iran,IRN,2005,14.9
Iran,IRN,2010,12.8
Iran,IRN,2011,12.5
Iran,IRN,2012,12.1
Iran,IRN,2013,11.8
Iran,IRN,2014,11.5
Iran,IRN,2015,11.3
Iran,IRN,2016,11
Ireland,IRL,2000,37.8
Ireland,IRL,2005,32.8
Ireland,IRL,2010,28.7
Ireland,IRL,2011,27.9
Ireland,IRL,2012,27.1
Ireland,IRL,2013,26.4
Ireland,IRL,2014,25.7
Ireland,IRL,2015,25
Ireland,IRL,2016,24.3
Israel,ISR,2000,31.9
Israel,ISR,2005,29.4
Israel,ISR,2010,27.4
Israel,ISR,2011,27
Israel,ISR,2012,26.6
Israel,ISR,2013,26.2
Israel,ISR,2014,25.9
Israel,ISR,2015,25.6
Israel,ISR,2016,25.2
Italy,ITA,2000,26.5
Italy,ITA,2005,25.6
Italy,ITA,2010,24.6
Italy,ITA,2011,24.6
Italy,ITA,2012,24.3
Italy,ITA,2013,24.1
Italy,ITA,2014,24.1
Italy,ITA,2015,23.8
Italy,ITA,2016,23.7
Jamaica,JAM,2000,18.4
Jamaica,JAM,2005,17.7
Jamaica,JAM,2010,17.1
Jamaica,JAM,2011,17.1
Jamaica,JAM,2012,17
Jamaica,JAM,2013,17
Jamaica,JAM,2014,16.9
Jamaica,JAM,2015,16.8
Jamaica,JAM,2016,16.8
Japan,JPN,2000,33
Japan,JPN,2005,29
Japan,JPN,2010,25.6
Japan,JPN,2011,24.9
Japan,JPN,2012,24.4
Japan,JPN,2013,23.8
Japan,JPN,2014,23.2
Japan,JPN,2015,22.6
Japan,JPN,2016,22.1
Kazakhstan,KAZ,2000,31.9
Kazakhstan,KAZ,2005,29.3
Kazakhstan,KAZ,2010,26.8
Kazakhstan,KAZ,2011,26.4
Kazakhstan,KAZ,2012,25.8
Kazakhstan,KAZ,2013,25.4
Kazakhstan,KAZ,2014,25
Kazakhstan,KAZ,2015,24.5
Kazakhstan,KAZ,2016,24
Kenya,KEN,2000,16.6
Kenya,KEN,2005,14.4
Kenya,KEN,2010,12.5
Kenya,KEN,2011,12.3
Kenya,KEN,2012,11.9
Kenya,KEN,2013,11.6
Kenya,KEN,2014,11.3
Kenya,KEN,2015,11
Kenya,KEN,2016,10.7
Kiribati,KIR,2000,73.4
Kiribati,KIR,2005,64.7
Kiribati,KIR,2010,55.7
Kiribati,KIR,2011,54.5
Kiribati,KIR,2012,52.7
Kiribati,KIR,2013,51.2
Kiribati,KIR,2014,49.8
Kiribati,KIR,2015,48.3
Kiribati,KIR,2016,47
Kuwait,KWT,2000,24.8
Kuwait,KWT,2005,24.4
Kuwait,KWT,2010,22.8
Kuwait,KWT,2011,22.6
Kuwait,KWT,2012,22.5
Kuwait,KWT,2013,22.5
Kuwait,KWT,2014,22.5
Kuwait,KWT,2015,22.5
Kuwait,KWT,2016,22.5
Kyrgyzstan,KGZ,2000,27.3
Kyrgyzstan,KGZ,2005,27.2
Kyrgyzstan,KGZ,2010,26.6
Kyrgyzstan,KGZ,2011,26.6
Kyrgyzstan,KGZ,2012,26.7
Kyrgyzstan,KGZ,2013,26.5
Kyrgyzstan,KGZ,2014,26.6
Kyrgyzstan,KGZ,2015,26.5
Kyrgyzstan,KGZ,2016,26.5
Laos,LAO,2000,42.7
Laos,LAO,2005,37.3
Laos,LAO,2010,33.1
Laos,LAO,2011,32.3
Laos,LAO,2012,31.5
Laos,LAO,2013,31.1
Laos,LAO,2014,30.2
Laos,LAO,2015,29.5
Laos,LAO,2016,28.9
Late-demographic dividend,,2000,30.39685545
Late-demographic dividend,,2005,28.31097837
Late-demographic dividend,,2010,26.5514946
Late-demographic dividend,,2011,26.15220298
Late-demographic dividend,,2012,26.00199552
Late-demographic dividend,,2013,25.6595757
Late-demographic dividend,,2014,25.32433927
Late-demographic dividend,,2015,24.99167142
Late-demographic dividend,,2016,24.73069166
Latin America & Caribbean,,2000,25.78045895
Latin America & Caribbean,,2005,21.28712088
Latin America & Caribbean,,2010,17.65442288
Latin America & Caribbean,,2011,17.08445799
Latin America & Caribbean,,2012,16.44369831
Latin America & Caribbean,,2013,15.90375875
Latin America & Caribbean,,2014,15.3398005
Latin America & Caribbean,,2015,14.78528167
Latin America & Caribbean,,2016,14.3203794
Latin America & Caribbean (IDA & IBRD),,2000,25.27021471
Latin America & Caribbean (IDA & IBRD),,2005,20.7928334
Latin America & Caribbean (IDA & IBRD),,2010,17.1822653
Latin America & Caribbean (IDA & IBRD),,2011,16.6210598
Latin America & Caribbean (IDA & IBRD),,2012,15.98232828
Latin America & Caribbean (IDA & IBRD),,2013,15.45114128
Latin America & Caribbean (IDA & IBRD),,2014,14.88887863
Latin America & Caribbean (IDA & IBRD),,2015,14.33207644
Latin America & Caribbean (IDA & IBRD),,2016,13.87823906
Latin America & Caribbean (excluding high income),,2000,23.06328217
Latin America & Caribbean (excluding high income),,2005,19.08578721
Latin America & Caribbean (excluding high income),,2010,15.85778218
Latin America & Caribbean (excluding high income),,2011,15.37343664
Latin America & Caribbean (excluding high income),,2012,14.78501558
Latin America & Caribbean (excluding high income),,2013,14.30997961
Latin America & Caribbean (excluding high income),,2014,13.80216556
Latin America & Caribbean (excluding high income),,2015,13.30595591
Latin America & Caribbean (excluding high income),,2016,12.88672033
Latvia,LVA,2000,38.8
Latvia,LVA,2005,38.2
Latvia,LVA,2010,37.5
Latvia,LVA,2011,37.5
Latvia,LVA,2012,37.3
Latvia,LVA,2013,37.3
Latvia,LVA,2014,37.3
Latvia,LVA,2015,37
Latvia,LVA,2016,37
Least developed countries: UN classification,,2000,23.48157087
Least developed countries: UN classification,,2005,20.59083648
Least developed countries: UN classification,,2010,18.10695551
Least developed countries: UN classification,,2011,17.65161429
Least developed countries: UN classification,,2012,17.2820158
Least developed countries: UN classification,,2013,16.88122301
Least developed countries: UN classification,,2014,16.51363454
Least developed countries: UN classification,,2015,16.18649151
Least developed countries: UN classification,,2016,15.91044571
Lebanon,LBN,2000,37.5
Lebanon,LBN,2005,36.1
Lebanon,LBN,2010,35.1
Lebanon,LBN,2011,34.7
Lebanon,LBN,2012,34.8
Lebanon,LBN,2013,34.2
Lebanon,LBN,2014,34.2
Lebanon,LBN,2015,33.9
Lebanon,LBN,2016,33.8
Lesotho,LSO,2000,17.6
Lesotho,LSO,2005,20
Lesotho,LSO,2010,22.7
Lesotho,LSO,2011,23.3
Lesotho,LSO,2012,24
Lesotho,LSO,2013,24.4
Lesotho,LSO,2014,25.3
Lesotho,LSO,2015,26
Lesotho,LSO,2016,26.7
Liberia,LBR,2000,13.8
Liberia,LBR,2005,12.1
Liberia,LBR,2010,10.8
Liberia,LBR,2011,10.7
Liberia,LBR,2012,10.5
Liberia,LBR,2013,10.3
Liberia,LBR,2014,10.1
Liberia,LBR,2015,9.9
Liberia,LBR,2016,9.8
Lithuania,LTU,2000,35.9
Lithuania,LTU,2005,33.4
Lithuania,LTU,2010,31.1
Lithuania,LTU,2011,30.7
Lithuania,LTU,2012,30.3
Lithuania,LTU,2013,29.9
Lithuania,LTU,2014,29.6
Lithuania,LTU,2015,29.2
Lithuania,LTU,2016,28.8
Low & middle income,,2000,26.22790572
Low & middle income,,2005,23.76157863
Low & middle income,,2010,21.75895925
Low & middle income,,2011,21.33123376
Low & middle income,,2012,21.06665853
Low & middle income,,2013,20.70278623
Low & middle income,,2014,20.34805429
Low & middle income,,2015,20.02163187
Low & middle income,,2016,19.72952077
Lower middle income,,2000,23.54742653
Lower middle income,,2005,20.9830757
Lower middle income,,2010,19.12545389
Lower middle income,,2011,18.73443062
Lower middle income,,2012,18.47621655
Lower middle income,,2013,18.17317712
Lower middle income,,2014,17.87535962
Lower middle income,,2015,17.64632234
Lower middle income,,2016,17.41091869
Luxembourg,LUX,2000,34.7
Luxembourg,LUX,2005,30.7
Luxembourg,LUX,2010,27
Luxembourg,LUX,2011,26.4
Luxembourg,LUX,2012,25.8
Luxembourg,LUX,2013,25.2
Luxembourg,LUX,2014,24.6
Luxembourg,LUX,2015,24.1
Luxembourg,LUX,2016,23.5
Malawi,MWI,2000,21
Malawi,MWI,2005,18.6
Malawi,MWI,2010,16.5
Malawi,MWI,2011,16.1
Malawi,MWI,2012,15.7
Malawi,MWI,2013,15.3
Malawi,MWI,2014,15.2
Malawi,MWI,2015,14.7
Malawi,MWI,2016,14.5
Malaysia,MYS,2000,28.2
Malaysia,MYS,2005,25.8
Malaysia,MYS,2010,23.7
Malaysia,MYS,2011,23.3
Malaysia,MYS,2012,22.9
Malaysia,MYS,2013,22.5
Malaysia,MYS,2014,22
Malaysia,MYS,2015,21.8
Malaysia,MYS,2016,21.5
Maldives,MDV,2000,37.1
Maldives,MDV,2005,33.4
Maldives,MDV,2010,30.8
Maldives,MDV,2011,30.2
Maldives,MDV,2012,29.9
Maldives,MDV,2013,29.5
Maldives,MDV,2014,29.1
Maldives,MDV,2015,28.7
Maldives,MDV,2016,28.3
Mali,MLI,2000,13
Mali,MLI,2005,12.6
Mali,MLI,2010,12.5
Mali,MLI,2011,12.4
Mali,MLI,2012,12.3
Mali,MLI,2013,12.3
Mali,MLI,2014,12.4
Mali,MLI,2015,12.3
Mali,MLI,2016,12.3
Malta,MLT,2000,35.3
Malta,MLT,2005,31.7
Malta,MLT,2010,28.7
Malta,MLT,2011,28.1
Malta,MLT,2012,27.7
Malta,MLT,2013,27
Malta,MLT,2014,26.5
Malta,MLT,2015,26
Malta,MLT,2016,25.5
Mauritius,MUS,2000,25
Mauritius,MUS,2005,23.8
Mauritius,MUS,2010,22.6
Mauritius,MUS,2011,22.6
Mauritius,MUS,2012,22.4
Mauritius,MUS,2013,22.2
Mauritius,MUS,2014,22
Mauritius,MUS,2015,21.8
Mauritius,MUS,2016,21.6
Mexico,MEX,2000,24
Mexico,MEX,2005,20.3
Mexico,MEX,2010,17.1
Mexico,MEX,2011,16.6
Mexico,MEX,2012,16
Mexico,MEX,2013,15.5
Mexico,MEX,2014,15
Mexico,MEX,2015,14.5
Mexico,MEX,2016,14
Middle East & North Africa,,2000,18.9573345
Middle East & North Africa,,2005,18.43269172
Middle East & North Africa,,2010,18.7208897
Middle East & North Africa,,2011,18.79070245
Middle East & North Africa,,2012,18.84287974
Middle East & North Africa,,2013,18.96918543
Middle East & North Africa,,2014,19.14125558
Middle East & North Africa,,2015,19.31238309
Middle East & North Africa,,2016,19.43633943
Middle East & North Africa (IDA & IBRD),,2000,18.89248616
Middle East & North Africa (IDA & IBRD),,2005,18.31659137
Middle East & North Africa (IDA & IBRD),,2010,18.48406093
Middle East & North Africa (IDA & IBRD),,2011,18.5579128
Middle East & North Africa (IDA & IBRD),,2012,18.63927337
Middle East & North Africa (IDA & IBRD),,2013,18.79997966
Middle East & North Africa (IDA & IBRD),,2014,19.00994144
Middle East & North Africa (IDA & IBRD),,2015,19.2267014
Middle East & North Africa (IDA & IBRD),,2016,19.38541646
Middle East & North Africa (excluding high income),,2000,18.89248616
Middle East & North Africa (excluding high income),,2005,18.31659137
Middle East & North Africa (excluding high income),,2010,18.48406093
Middle East & North Africa (excluding high income),,2011,18.5579128
Middle East & North Africa (excluding high income),,2012,18.63927337
Middle East & North Africa (excluding high income),,2013,18.79997966
Middle East & North Africa (excluding high income),,2014,19.00994144
Middle East & North Africa (excluding high income),,2015,19.2267014
Middle East & North Africa (excluding high income),,2016,19.38541646
Middle income,,2000,26.73442843
Middle income,,2005,24.26930119
Middle income,,2010,22.28167617
Middle income,,2011,21.85615278
Middle income,,2012,21.60040724
Middle income,,2013,21.24136392
Middle income,,2014,20.88857923
Middle income,,2015,20.56647326
Middle income,,2016,20.28029521
Moldova,MDA,2000,23.3
Moldova,MDA,2005,23.5
Moldova,MDA,2010,23.9
Moldova,MDA,2011,24
Moldova,MDA,2012,24
Moldova,MDA,2013,24.2
Moldova,MDA,2014,24.2
Moldova,MDA,2015,24.2
Moldova,MDA,2016,24.2
Mongolia,MNG,2000,32.2
Mongolia,MNG,2005,29.8
Mongolia,MNG,2010,27.8
Mongolia,MNG,2011,27.4
Mongolia,MNG,2012,27
Mongolia,MNG,2013,26.6
Mongolia,MNG,2014,26.3
Mongolia,MNG,2015,26.2
Mongolia,MNG,2016,25.6
Montenegro,MNE,2000,52.7
Montenegro,MNE,2005,50.2
Montenegro,MNE,2010,48.3
Montenegro,MNE,2011,47.8
Montenegro,MNE,2012,47.4
Montenegro,MNE,2013,47
Montenegro,MNE,2014,46.7
Montenegro,MNE,2015,46.1
Montenegro,MNE,2016,45.9
Morocco,MAR,2000,18.7
Morocco,MAR,2005,19.2
Morocco,MAR,2010,20.6
Morocco,MAR,2011,21
Morocco,MAR,2012,21.4
Morocco,MAR,2013,21.9
Morocco,MAR,2014,22.3
Morocco,MAR,2015,22.9
Morocco,MAR,2016,23.4
Mozambique,MOZ,2000,23.4
Mozambique,MOZ,2005,20.9
Mozambique,MOZ,2010,18.7
Mozambique,MOZ,2011,18.3
Mozambique,MOZ,2012,17.9
Mozambique,MOZ,2013,17.5
Mozambique,MOZ,2014,17.1
Mozambique,MOZ,2015,16.9
Mozambique,MOZ,2016,16.6
Myanmar,MMR,2000,32.5
Myanmar,MMR,2005,27.7
Myanmar,MMR,2010,23.9
Myanmar,MMR,2011,23.2
Myanmar,MMR,2012,22.6
Myanmar,MMR,2013,21.9
Myanmar,MMR,2014,21.4
Myanmar,MMR,2015,20.8
Myanmar,MMR,2016,20.3
Namibia,NAM,2000,22.3
Namibia,NAM,2005,21.8
Namibia,NAM,2010,21.5
Namibia,NAM,2011,21.5
Namibia,NAM,2012,21.4
Namibia,NAM,2013,21.4
Namibia,NAM,2014,21.4
Namibia,NAM,2015,21.5
Namibia,NAM,2016,21.4
Nauru,NRU,2000,63.8
Nauru,NRU,2005,54.7
Nauru,NRU,2010,47.2
Nauru,NRU,2011,45.9
Nauru,NRU,2012,44.6
Nauru,NRU,2013,43.3
Nauru,NRU,2014,42.2
Nauru,NRU,2015,41
Nauru,NRU,2016,40
Nepal,NPL,2000,38.9
Nepal,NPL,2005,32.2
Nepal,NPL,2010,27.1
Nepal,NPL,2011,26.2
Nepal,NPL,2012,25.3
Nepal,NPL,2013,24.6
Nepal,NPL,2014,24
Nepal,NPL,2015,23.3
Nepal,NPL,2016,22.8
Netherlands,NLD,2000,37.7
Netherlands,NLD,2005,33.2
Netherlands,NLD,2010,29.7
Netherlands,NLD,2011,28.9
Netherlands,NLD,2012,28.4
Netherlands,NLD,2013,27.7
Netherlands,NLD,2014,27
Netherlands,NLD,2015,26.4
Netherlands,NLD,2016,25.8
New Zealand,NZL,2000,29.4
New Zealand,NZL,2005,24.2
New Zealand,NZL,2010,20
New Zealand,NZL,2011,19.2
New Zealand,NZL,2012,18.5
New Zealand,NZL,2013,17.8
New Zealand,NZL,2014,17.2
New Zealand,NZL,2015,16.5
New Zealand,NZL,2016,16
Niger,NER,2000,6.4
Niger,NER,2005,6.7
Niger,NER,2010,7.1
Niger,NER,2011,7.2
Niger,NER,2012,7.3
Niger,NER,2013,7.4
Niger,NER,2014,7.5
Niger,NER,2015,7.6
Niger,NER,2016,7.7
Nigeria,NGA,2000,7.7
Nigeria,NGA,2005,7
Nigeria,NGA,2010,6.3
Nigeria,NGA,2011,6.2
Nigeria,NGA,2012,6.1
Nigeria,NGA,2013,6.1
Nigeria,NGA,2014,5.9
Nigeria,NGA,2015,5.8
Nigeria,NGA,2016,5.8
North America,,2000,31.07554765
North America,,2005,27.38120988
North America,,2010,24.14490635
North America,,2011,23.61396131
North America,,2012,23.181771
North America,,2013,22.58029937
North America,,2014,22.05905423
North America,,2015,21.54985216
North America,,2016,21.02819788
Norway,NOR,2000,43.1
Norway,NOR,2005,34.1
Norway,NOR,2010,26.9
Norway,NOR,2011,25.5
Norway,NOR,2012,24.4
Norway,NOR,2013,23.3
Norway,NOR,2014,22.2
Norway,NOR,2015,21.2
Norway,NOR,2016,20.2
OECD members,,2000,33.4353198
OECD members,,2005,29.8976608
OECD members,,2010,26.76970704
OECD members,,2011,26.21761924
OECD members,,2012,25.6922013
OECD members,,2013,25.13966735
OECD members,,2014,24.61397654
OECD members,,2015,24.09928816
OECD members,,2016,23.60660968
Oman,OMN,2000,8.2
Oman,OMN,2005,8.5
Oman,OMN,2010,9.4
Oman,OMN,2011,9.8
Oman,OMN,2012,10.2
Oman,OMN,2013,10.6
Oman,OMN,2014,10.8
Oman,OMN,2015,11.1
Oman,OMN,2016,11.1
Other small states,,2000,26.10293865
Other small states,,2005,24.87325988
Other small states,,2010,23.88438503
Other small states,,2011,23.71031547
Other small states,,2012,23.51132714
Other small states,,2013,23.340457
Other small states,,2014,23.25008159
Other small states,,2015,23.11003404
Other small states,,2016,23.04424514
Pacific island small states,,2000,38.26299541
Pacific island small states,,2005,33.3170741
Pacific island small states,,2010,28.93905084
Pacific island small states,,2011,28.07238509
Pacific island small states,,2012,27.36345156
Pacific island small states,,2013,26.57640457
Pacific island small states,,2014,25.9155157
Pakistan,PAK,2000,24.5
Pakistan,PAK,2005,22.7
Pakistan,PAK,2010,21.3
Pakistan,PAK,2011,21.1
Pakistan,PAK,2012,20.9
Pakistan,PAK,2013,20.7
Pakistan,PAK,2014,20.5
Pakistan,PAK,2015,20.3
Pakistan,PAK,2016,20.1
Palau,PLW,2000,29.6
Palau,PLW,2005,24
Palau,PLW,2010,19.7
Palau,PLW,2011,19
Palau,PLW,2012,18.2
Palau,PLW,2013,17.5
Palau,PLW,2014,16.8
Palau,PLW,2015,16.1
Palau,PLW,2016,15.6
Panama,PAN,2000,15
Panama,PAN,2005,11.2
Panama,PAN,2010,8.5
Panama,PAN,2011,8.1
Panama,PAN,2012,7.6
Panama,PAN,2013,7.2
Panama,PAN,2014,6.8
Panama,PAN,2015,6.5
Panama,PAN,2016,6.1
Papua New Guinea,PNG,2000,60.9
Papua New Guinea,PNG,2005,52.1
Papua New Guinea,PNG,2010,44.2
Papua New Guinea,PNG,2011,42.6
Papua New Guinea,PNG,2012,41.2
Papua New Guinea,PNG,2013,39.8
Papua New Guinea,PNG,2014,38.8
Papua New Guinea,PNG,2015,37.4
Papua New Guinea,PNG,2016,36.3
Paraguay,PRY,2000,30.8
Paraguay,PRY,2005,23.6
Paraguay,PRY,2010,18.3
Paraguay,PRY,2011,17.3
Paraguay,PRY,2012,16.5
Paraguay,PRY,2013,15.6
Paraguay,PRY,2014,14.9
Paraguay,PRY,2015,14.1
Paraguay,PRY,2016,13.4
Peru,PER,2000,12.1
Peru,PER,2005,9
Peru,PER,2010,6.7
Peru,PER,2011,6.3
Peru,PER,2012,6
Peru,PER,2013,5.7
Peru,PER,2014,5.4
Peru,PER,2015,5
Peru,PER,2016,4.8
Philippines,PHL,2000,34.4
Philippines,PHL,2005,30.6
Philippines,PHL,2010,27.6
Philippines,PHL,2011,27
Philippines,PHL,2012,26.5
Philippines,PHL,2013,25.9
Philippines,PHL,2014,25.3
Philippines,PHL,2015,24.7
Philippines,PHL,2016,24.3
Poland,POL,2000,40.7
Poland,POL,2005,36
Poland,POL,2010,31.9
Poland,POL,2011,31.3
Poland,POL,2012,30.6
Poland,POL,2013,30
Poland,POL,2014,29.2
Poland,POL,2015,28.6
Poland,POL,2016,28
Portugal,PRT,2000,25.9
Portugal,PRT,2005,24.8
Portugal,PRT,2010,23.7
Portugal,PRT,2011,23.5
Portugal,PRT,2012,23.3
Portugal,PRT,2013,23.1
Portugal,PRT,2014,23
Portugal,PRT,2015,22.9
Portugal,PRT,2016,22.7
Post-demographic dividend,,2000,33.78209621
Post-demographic dividend,,2005,30.42805811
Post-demographic dividend,,2010,27.49859936
Post-demographic dividend,,2011,26.96934861
Post-demographic dividend,,2012,26.49447078
Post-demographic dividend,,2013,25.95978557
Post-demographic dividend,,2014,25.4713864
Post-demographic dividend,,2015,24.99772517
Post-demographic dividend,,2016,24.52383306
Qatar,QAT,2000,16.5
Qatar,QAT,2005,17.4
Qatar,QAT,2010,20.1
Qatar,QAT,2011,20.3
Qatar,QAT,2012,20.2
Qatar,QAT,2013,20.3
Qatar,QAT,2014,20.4
Qatar,QAT,2015,20.4
Qatar,QAT,2016,20.6
Romania,ROU,2000,39.6
Romania,ROU,2005,36
Romania,ROU,2010,32.8
Romania,ROU,2011,32.3
Romania,ROU,2012,31.7
Romania,ROU,2013,31.1
Romania,ROU,2014,30.6
Romania,ROU,2015,30.1
Romania,ROU,2016,29.7
Russia,RUS,2000,42.8
Russia,RUS,2005,41.5
Russia,RUS,2010,40.3
Russia,RUS,2011,40.2
Russia,RUS,2012,40.1
Russia,RUS,2013,39.8
Russia,RUS,2014,39.7
Russia,RUS,2015,39.5
Russia,RUS,2016,39.3
Rwanda,RWA,2000,17.8
Rwanda,RWA,2005,15.7
Rwanda,RWA,2010,13.9
Rwanda,RWA,2011,13.7
Rwanda,RWA,2012,13.3
Rwanda,RWA,2013,13.1
Rwanda,RWA,2014,12.8
Rwanda,RWA,2015,12.5
Rwanda,RWA,2016,12.3
Samoa,WSM,2000,45.1
Samoa,WSM,2005,38.5
Samoa,WSM,2010,33
Samoa,WSM,2011,32
Samoa,WSM,2012,31
Samoa,WSM,2013,30.2
Samoa,WSM,2014,29.4
Samoa,WSM,2015,28.5
Samoa,WSM,2016,27.7
Saudi Arabia,SAU,2000,14.5
Saudi Arabia,SAU,2005,14.6
Saudi Arabia,SAU,2010,15.1
Saudi Arabia,SAU,2011,15.3
Saudi Arabia,SAU,2012,15.2
Saudi Arabia,SAU,2013,15.3
Saudi Arabia,SAU,2014,15.5
Saudi Arabia,SAU,2015,15.6
Saudi Arabia,SAU,2016,15.6
Senegal,SEN,2000,10.9
Senegal,SEN,2005,9.9
Senegal,SEN,2010,9
Senegal,SEN,2011,8.8
Senegal,SEN,2012,8.7
Senegal,SEN,2013,8.5
Senegal,SEN,2014,8.4
Senegal,SEN,2015,8.3
Senegal,SEN,2016,8.2
Serbia,SRB,2000,48.7
Serbia,SRB,2005,45.3
Serbia,SRB,2010,42.1
Serbia,SRB,2011,41.7
Serbia,SRB,2012,40.9
Serbia,SRB,2013,40.4
Serbia,SRB,2014,40
Serbia,SRB,2015,39.4
Serbia,SRB,2016,38.9
Seychelles,SYC,2000,25.1
Seychelles,SYC,2005,23.9
Seychelles,SYC,2010,22.9
Seychelles,SYC,2011,22.7
Seychelles,SYC,2012,22.5
Seychelles,SYC,2013,22.3
Seychelles,SYC,2014,21.9
Seychelles,SYC,2015,21.7
Seychelles,SYC,2016,21.5
Sierra Leone,SLE,2000,42.2
Sierra Leone,SLE,2005,34.9
Sierra Leone,SLE,2010,29.4
Sierra Leone,SLE,2011,28.6
Sierra Leone,SLE,2012,27.6
Sierra Leone,SLE,2013,26.9
Sierra Leone,SLE,2014,26.3
Sierra Leone,SLE,2015,25.4
Sierra Leone,SLE,2016,24.8
Singapore,SGP,2000,16.3
Singapore,SGP,2005,16.3
Singapore,SGP,2010,16.4
Singapore,SGP,2011,16.4
Singapore,SGP,2012,16.3
Singapore,SGP,2013,16.5
Singapore,SGP,2014,16.5
Singapore,SGP,2015,16.5
Singapore,SGP,2016,16.5
Slovakia,SVK,2000,32.1
Slovakia,SVK,2005,31.2
Slovakia,SVK,2010,30.4
Slovakia,SVK,2011,30.4
Slovakia,SVK,2012,30.3
Slovakia,SVK,2013,30.1
Slovakia,SVK,2014,30.1
Slovakia,SVK,2015,30.1
Slovakia,SVK,2016,30.1
Slovenia,SVN,2000,26.8
Slovenia,SVN,2005,25.3
Slovenia,SVN,2010,24
Slovenia,SVN,2011,23.9
Slovenia,SVN,2012,23.5
Slovenia,SVN,2013,23.3
Slovenia,SVN,2014,23
Slovenia,SVN,2015,22.8
Slovenia,SVN,2016,22.5
Small states,,2000,25.97065457
Small states,,2005,24.46899713
Small states,,2010,23.25566538
Small states,,2011,23.04776221
Small states,,2012,22.8219015
Small states,,2013,22.62482924
Small states,,2014,22.49107526
Small states,,2015,22.3208437
Small states,,2016,22.22276977
South Africa,ZAF,2000,22.7
South Africa,ZAF,2005,21.8
South Africa,ZAF,2010,21
South Africa,ZAF,2011,20.9
South Africa,ZAF,2012,20.8
South Africa,ZAF,2013,20.6
South Africa,ZAF,2014,20.5
South Africa,ZAF,2015,20.5
South Africa,ZAF,2016,20.3
South Asia,,2000,22.68604807
South Asia,,2005,19.07050372
South Asia,,2010,16.23926664
South Asia,,2011,15.69500955
South Asia,,2012,15.31617979
South Asia,,2013,14.86474682
South Asia,,2014,14.40349792
South Asia,,2015,14.04136741
South Asia,,2016,13.68894333
South Asia (IDA & IBRD),,2000,22.68604807
South Asia (IDA & IBRD),,2005,19.07050372
South Asia (IDA & IBRD),,2010,16.23926664
South Asia (IDA & IBRD),,2011,15.69500955
South Asia (IDA & IBRD),,2012,15.31617979
South Asia (IDA & IBRD),,2013,14.86474682
South Asia (IDA & IBRD),,2014,14.40349792
South Asia (IDA & IBRD),,2015,14.04136741
South Asia (IDA & IBRD),,2016,13.68894333
South Korea,KOR,2000,34.3
South Korea,KOR,2005,30.2
South Korea,KOR,2010,26.9
South Korea,KOR,2011,26.2
South Korea,KOR,2012,25.6
South Korea,KOR,2013,25
South Korea,KOR,2014,24.5
South Korea,KOR,2015,23.9
South Korea,KOR,2016,23.3
Spain,ESP,2000,39.5
Spain,ESP,2005,35.8
Spain,ESP,2010,32.7
Spain,ESP,2011,32.1
Spain,ESP,2012,31.5
Spain,ESP,2013,30.9
Spain,ESP,2014,30.4
Spain,ESP,2015,29.7
Spain,ESP,2016,29.3
Sri Lanka,LKA,2000,16.5
Sri Lanka,LKA,2005,15.2
Sri Lanka,LKA,2010,14
Sri Lanka,LKA,2011,13.8
Sri Lanka,LKA,2012,13.6
Sri Lanka,LKA,2013,13.5
Sri Lanka,LKA,2014,13.2
Sri Lanka,LKA,2015,13.2
Sri Lanka,LKA,2016,13
Sub-Saharan Africa,,2000,13.45854915
Sub-Saharan Africa,,2005,12.21737971
Sub-Saharan Africa,,2010,11.14320292
Sub-Saharan Africa,,2011,10.96033791
Sub-Saharan Africa,,2012,10.8023811
Sub-Saharan Africa,,2013,10.64412672
Sub-Saharan Africa,,2014,10.47627137
Sub-Saharan Africa,,2015,10.33895657
Sub-Saharan Africa,,2016,10.21771225
Sub-Saharan Africa (IDA & IBRD),,2000,13.45854915
Sub-Saharan Africa (IDA & IBRD),,2005,12.21737971
Sub-Saharan Africa (IDA & IBRD),,2010,11.14320292
Sub-Saharan Africa (IDA & IBRD),,2011,10.96033791
Sub-Saharan Africa (IDA & IBRD),,2012,10.8023811
Sub-Saharan Africa (IDA & IBRD),,2013,10.64412672
Sub-Saharan Africa (IDA & IBRD),,2014,10.47627137
Sub-Saharan Africa (IDA & IBRD),,2015,10.33895657
Sub-Saharan Africa (IDA & IBRD),,2016,10.21771225
Sub-Saharan Africa (excluding high income),,2000,13.45620679
Sub-Saharan Africa (excluding high income),,2005,12.21514057
Sub-Saharan Africa (excluding high income),,2010,11.14102505
Sub-Saharan Africa (excluding high income),,2011,10.95826795
Sub-Saharan Africa (excluding high income),,2012,10.80034948
Sub-Saharan Africa (excluding high income),,2013,10.64212057
Sub-Saharan Africa (excluding high income),,2014,10.47433348
Sub-Saharan Africa (excluding high income),,2015,10.33704893
Sub-Saharan Africa (excluding high income),,2016,10.21585958
Suriname,SUR,2000,50
Suriname,SUR,2005,41.3
Suriname,SUR,2010,33.1
Suriname,SUR,2011,31.5
Suriname,SUR,2012,30.1
Suriname,SUR,2013,28.7
Suriname,SUR,2014,27.5
Suriname,SUR,2015,26.2
Suriname,SUR,2016,25
Swaziland,SWZ,2000,9.3
Swaziland,SWZ,2005,9.1
Swaziland,SWZ,2010,9
Swaziland,SWZ,2011,9
Swaziland,SWZ,2012,9
Swaziland,SWZ,2013,9
Swaziland,SWZ,2014,9
Swaziland,SWZ,2015,9
Swaziland,SWZ,2016,9
Sweden,SWE,2000,32.3
Sweden,SWE,2005,27.4
Sweden,SWE,2010,23.1
Sweden,SWE,2011,22.3
Sweden,SWE,2012,21.6
Sweden,SWE,2013,20.9
Sweden,SWE,2014,20.1
Sweden,SWE,2015,19.5
Sweden,SWE,2016,18.8
Switzerland,CHE,2000,31.2
Switzerland,CHE,2005,29.2
Switzerland,CHE,2010,27.7
Switzerland,CHE,2011,27.2
Switzerland,CHE,2012,27
Switzerland,CHE,2013,26.7
Switzerland,CHE,2014,26.3
Switzerland,CHE,2015,26.1
Switzerland,CHE,2016,25.7
Tanzania,TZA,2000,22.3
Tanzania,TZA,2005,19.5
Tanzania,TZA,2010,17.1
Tanzania,TZA,2011,16.6
Tanzania,TZA,2012,16.2
Tanzania,TZA,2013,15.9
Tanzania,TZA,2014,15.4
Tanzania,TZA,2015,15.2
Tanzania,TZA,2016,14.8
Thailand,THA,2000,24.9
Thailand,THA,2005,23.2
Thailand,THA,2010,21.7
Thailand,THA,2011,21.3
Thailand,THA,2012,21
Thailand,THA,2013,20.8
Thailand,THA,2014,20.6
Thailand,THA,2015,20.1
Thailand,THA,2016,19.9
Timor,TLS,2000,51.8
Timor,TLS,2005,49.7
Timor,TLS,2010,46.8
Timor,TLS,2011,46
Timor,TLS,2012,45.2
Timor,TLS,2013,44.6
Timor,TLS,2014,44.1
Timor,TLS,2015,43.2
Timor,TLS,2016,42.6
Togo,TGO,2000,10
Togo,TGO,2005,8.9
Togo,TGO,2010,8.1
Togo,TGO,2011,8
Togo,TGO,2012,7.8
Togo,TGO,2013,7.7
Togo,TGO,2014,7.6
Togo,TGO,2015,7.4
Togo,TGO,2016,7.4
Tonga,TON,2000,36.3
Tonga,TON,2005,33
Tonga,TON,2010,30.3
Tonga,TON,2011,29.9
Tonga,TON,2012,29.4
Tonga,TON,2013,29.1
Tonga,TON,2014,28.6
Tonga,TON,2015,28.3
Tonga,TON,2016,27.9
Tunisia,TUN,2000,31.8
Tunisia,TUN,2005,31.1
Tunisia,TUN,2010,31.7
Tunisia,TUN,2011,31.8
Tunisia,TUN,2012,31.9
Tunisia,TUN,2013,32.1
Tunisia,TUN,2014,32.4
Tunisia,TUN,2015,32.6
Tunisia,TUN,2016,32.7
Turkey,TUR,2000,38.4
Turkey,TUR,2005,34.4
Turkey,TUR,2010,30.8
Turkey,TUR,2011,30.2
Turkey,TUR,2012,29.5
Turkey,TUR,2013,29
Turkey,TUR,2014,28.4
Turkey,TUR,2015,27.7
Turkey,TUR,2016,27.2
Uganda,UGA,2000,17.1
Uganda,UGA,2005,14.4
Uganda,UGA,2010,12.2
Uganda,UGA,2011,11.8
Uganda,UGA,2012,11.4
Uganda,UGA,2013,11
Uganda,UGA,2014,10.7
Uganda,UGA,2015,10.3
Uganda,UGA,2016,10
Ukraine,UKR,2000,36
Ukraine,UKR,2005,33.6
Ukraine,UKR,2010,31.4
Ukraine,UKR,2011,31
Ukraine,UKR,2012,30.6
Ukraine,UKR,2013,30.2
Ukraine,UKR,2014,29.8
Ukraine,UKR,2015,29.4
Ukraine,UKR,2016,28.9
United Arab Emirates,ARE,2000,25.2
United Arab Emirates,ARE,2005,26.3
United Arab Emirates,ARE,2010,28.2
United Arab Emirates,ARE,2011,28.2
United Arab Emirates,ARE,2012,28.5
United Arab Emirates,ARE,2013,28.6
United Arab Emirates,ARE,2014,28.6
United Arab Emirates,ARE,2015,28.6
United Arab Emirates,ARE,2016,28.9
United Kingdom,GBR,2000,38.2
United Kingdom,GBR,2005,32.3
United Kingdom,GBR,2010,27.2
United Kingdom,GBR,2011,26.3
United Kingdom,GBR,2012,25.5
United Kingdom,GBR,2013,24.6
United Kingdom,GBR,2014,23.7
United Kingdom,GBR,2015,23.1
United Kingdom,GBR,2016,22.3
United States,USA,2000,31.4
United States,USA,2005,27.9
United States,USA,2010,24.8
United States,USA,2011,24.3
United States,USA,2012,23.9
United States,USA,2013,23.3
United States,USA,2014,22.8
United States,USA,2015,22.3
United States,USA,2016,21.8
Upper middle income,,2000,29.60630372
Upper middle income,,2005,27.3034515
Upper middle income,,2010,25.33141774
Upper middle income,,2011,24.90693009
Upper middle income,,2012,24.69071387
Upper middle income,,2013,24.31550448
Upper middle income,,2014,23.94784093
Upper middle income,,2015,23.57175983
Upper middle income,,2016,23.27404515
Uruguay,URY,2000,52.7
Uruguay,URY,2005,36.7
Uruguay,URY,2010,25.7
Uruguay,URY,2011,23.9
Uruguay,URY,2012,22.3
Uruguay,URY,2013,20.8
Uruguay,URY,2014,19.3
Uruguay,URY,2015,18.1
Uruguay,URY,2016,16.8
Uzbekistan,UZB,2000,15.8
Uzbekistan,UZB,2005,14.6
Uzbekistan,UZB,2010,13.7
Uzbekistan,UZB,2011,13.5
Uzbekistan,UZB,2012,13.3
Uzbekistan,UZB,2013,13.2
Uzbekistan,UZB,2014,13
Uzbekistan,UZB,2015,12.8
Uzbekistan,UZB,2016,12.6
Vanuatu,VUT,2000,31.9
Vanuatu,VUT,2005,26.9
Vanuatu,VUT,2010,22.4
Vanuatu,VUT,2011,21.7
Vanuatu,VUT,2012,21.1
Vanuatu,VUT,2013,20.4
Vanuatu,VUT,2014,19.8
Vanuatu,VUT,2015,19.2
Vanuatu,VUT,2016,18.6
Vietnam,VNM,2000,25.1
Vietnam,VNM,2005,24.3
Vietnam,VNM,2010,23.7
Vietnam,VNM,2011,23.4
Vietnam,VNM,2012,23.5
Vietnam,VNM,2013,23.2
Vietnam,VNM,2014,23.1
Vietnam,VNM,2015,23.1
Vietnam,VNM,2016,22.8
World,OWID_WRL,2000,27.71093282
World,OWID_WRL,2005,24.96636132
World,OWID_WRL,2010,22.72729097
World,OWID_WRL,2011,22.26892403
World,OWID_WRL,2012,21.95490894
World,OWID_WRL,2013,21.55187546
World,OWID_WRL,2014,21.16417839
World,OWID_WRL,2015,20.80316967
World,OWID_WRL,2016,20.47551744
Yemen,YEM,2000,23.3
Yemen,YEM,2005,21.4
Yemen,YEM,2010,19.9
Yemen,YEM,2011,19.6
Yemen,YEM,2012,19.5
Yemen,YEM,2013,19
Yemen,YEM,2014,18.9
Yemen,YEM,2015,18.7
Yemen,YEM,2016,18.4
Zambia,ZMB,2000,18
Zambia,ZMB,2005,16.6
Zambia,ZMB,2010,15.2
Zambia,ZMB,2011,14.9
Zambia,ZMB,2012,14.7
Zambia,ZMB,2013,14.4
Zambia,ZMB,2014,14.3
Zambia,ZMB,2015,14
Zambia,ZMB,2016,13.8
Zimbabwe,ZWE,2000,18
Zimbabwe,ZWE,2005,17.1
Zimbabwe,ZWE,2010,16.4
Zimbabwe,ZWE,2011,16.4
Zimbabwe,ZWE,2012,16.2
Zimbabwe,ZWE,2013,16.1
Zimbabwe,ZWE,2014,16
Zimbabwe,ZWE,2015,15.9
Zimbabwe,ZWE,2016,15.8
